[
    {
        "start": 0.008488964346349746,
        "end": 11.146010186757216,
        "speaker": "SPEAKER_01",
        "text": "قول له كلمه هنقول كذا كذا كذا كذا تلاقتراح ولا مبرد ان هو يدخليفكر فيه وهو اكثر واحد تعبان احنا المسلسل لو احنا هنشتغل هنتكلم  ⁇  ساعه وكلام من ده"
    },
    {
        "start": 2.9966044142614603,
        "end": 3.556876061120543,
        "speaker": "SPEAKER_00",
        "text": ""
    },
    {
        "start": 11.859083191850596,
        "end": 36.969439728353144,
        "speaker": "SPEAKER_01",
        "text": "يعني هذا البي دم ممكن يقعد اكثر م فكثىنر بجد يعني هو كن اللي هو مخرجحح خلاص لا جدال فيها لكن هو بني ادم بجد هيجي ون يبقى ادم خلاص حراءيطلعلني لا ما تقولش كذا قلتععايز هنا مش هينفنا ن تاع قول كي كمحج"
    },
    {
        "start": 15.000000000000002,
        "end": 15.0679117147708,
        "speaker": "SPEAKER_00",
        "text": ""
    },
    {
        "start": 15.780984719864177,
        "end": 16.001697792869273,
        "speaker": "SPEAKER_00",
        "text": ""
    },
    {
        "start": 16.32427843803056,
        "end": 16.40916808149406,
        "speaker": "SPEAKER_00",
        "text": ""
    },
    {
        "start": 16.578947368421055,
        "end": 20.331069609507644,
        "speaker": "SPEAKER_00",
        "text": "لبي"
    },
    {
        "start": 31.876061120543298,
        "end": 32.096774193548384,
        "speaker": "SPEAKER_00",
        "text": ""
    },
    {
        "start": 35.42444821731749,
        "end": 46.120543293718164,
        "speaker": "SPEAKER_00",
        "text": "ي ك ح واحنا نكلم فيها عالىم رتدكره ان كل ممثل او مثله يبقى لي شيطء معي اولاد شايفاه مشاكلمه يعطيه البنوت ف  الاراس شويه"
    },
    {
        "start": 43.55687606112054,
        "end": 44.13412563667232,
        "speaker": "SPEAKER_01",
        "text": ""
    },
    {
        "start": 46.47707979626485,
        "end": 49.14261460101868,
        "speaker": "SPEAKER_00",
        "text": "يعني كل حد كده ل صوره ذه"
    },
    {
        "start": 49.87266553480475,
        "end": 50.993208828522924,
        "speaker": "SPEAKER_00",
        "text": "انتكمخرمك"
    }
]