[
    {
        "start": 0.008488964346349746,
        "end": 0.07640067911714771,
        "speaker": "SPEAKER_01",
        "text": ""
    },
    {
        "start": 0.22920203735144312,
        "end": 6.952461799660442,
        "speaker": "SPEAKER_01",
        "text": "واسمن الرحمنرحينا ن الرحب حضرتكاا هو طبعا العاده او احنا بنول عليها الجريمه ساعده"
    },
    {
        "start": 6.256366723259763,
        "end": 6.799660441426147,
        "speaker": "SPEAKER_02",
        "text": "عيه"
    },
    {
        "start": 6.952461799660442,
        "end": 7.971137521222412,
        "speaker": "SPEAKER_02",
        "text": "ليهفع ر"
    },
    {
        "start": 7.920203735144312,
        "end": 10.093378607809848,
        "speaker": "SPEAKER_01",
        "text": "بالضبط دي بقى لم سني"
    },
    {
        "start": 8.480475382003396,
        "end": 8.904923599320883,
        "speaker": "SPEAKER_02",
        "text": ""
    },
    {
        "start": 10.38200339558574,
        "end": 17.258064516129032,
        "speaker": "SPEAKER_01",
        "text": "انت حاجه بالسنيين الجيب صعب جدا انت دعلي ها مر واحده طبعابياخذ وقته مجه"
    },
    {
        "start": 17.258064516129032,
        "end": 17.784380305602717,
        "speaker": "SPEAKER_00",
        "text": ""
    },
    {
        "start": 17.76740237691002,
        "end": 41.434634974533104,
        "speaker": "SPEAKER_01",
        "text": "وعايز بس اشيل حاجه  اني الاعاداديه اافريقيه مشفرعونيه الفراعمه يعني ابرياء من هذي الكريمه الفراعنه كل حاجه كاانا بيوصل سواء على الجداريه اوبرديه يم ختان الذكور لكن ختان الناث ما حصل في فتره كده حصل فيها اهجره من بلاد الحبشه لى مصر اثنهاء لثيه هتكل العادات السالبيه او العادات الاجابيه منها جريمه ختال اانان"
    },
    {
        "start": 21.315789473684212,
        "end": 21.825127334465193,
        "speaker": "SPEAKER_00",
        "text": ""
    },
    {
        "start": 27.088285229202036,
        "end": 27.529711375212223,
        "speaker": "SPEAKER_00",
        "text": ""
    },
    {
        "start": 29.09168081494058,
        "end": 29.516129032258064,
        "speaker": "SPEAKER_00",
        "text": ""
    },
    {
        "start": 31.6383701188455,
        "end": 32.41935483870968,
        "speaker": "SPEAKER_00",
        "text": "ي"
    },
    {
        "start": 38.70118845500849,
        "end": 39.227504244482176,
        "speaker": "SPEAKER_00",
        "text": ""
    },
    {
        "start": 39.66893039049236,
        "end": 40.07640067911715,
        "speaker": "SPEAKER_00",
        "text": ""
    },
    {
        "start": 41.99490662139219,
        "end": 49.312393887945674,
        "speaker": "SPEAKER_01",
        "text": "فاحنا بزي ما باقول لحضرتك هي الجريمهييجرينا ثانيه  الصعب جد ا انت تقدر عليها مره واحده بتيجي عن طريق التوعيه"
    },
    {
        "start": 49.17657045840407,
        "end": 49.66893039049236,
        "speaker": "SPEAKER_00",
        "text": ""
    },
    {
        "start": 49.60101867572156,
        "end": 56.56196943972835,
        "speaker": "SPEAKER_01",
        "text": "احنا في الاول عملنا التوعيهه كبيره جدا من ساعه ما بدنا البتنامج بتاعنا من  ⁇  ت"
    },
    {
        "start": 56.01867572156197,
        "end": 57.444821731748725,
        "speaker": "SPEAKER_03",
        "text": "اتفن تحديدا"
    },
    {
        "start": 57.478777589134125,
        "end": 61.536502546689306,
        "speaker": "SPEAKER_01",
        "text": "احنا بقينا في  ⁇  محافظات ستمحفذارج ب اربعه بح"
    },
    {
        "start": 59.05772495755518,
        "end": 59.397283531409165,
        "speaker": "SPEAKER_02",
        "text": ""
    },
    {
        "start": 62.23259762308999,
        "end": 62.792869269949065,
        "speaker": "SPEAKER_01",
        "text": ""
    },
    {
        "start": 62.36842105263158,
        "end": 67.12224108658745,
        "speaker": "SPEAKER_02",
        "text": "اللي حافظدي معروف عنها ان همنسبه"
    },
    {
        "start": 64.7792869269949,
        "end": 70.34804753820035,
        "speaker": "SPEAKER_01",
        "text": "نسبذا اسون صر هين  السهير السوط امنيا بلسويف"
    },
    {
        "start": 67.46179966044141,
        "end": 67.93718166383701,
        "speaker": "SPEAKER_02",
        "text": ""
    },
    {
        "start": 68.8879456706282,
        "end": 69.24448217317487,
        "speaker": "SPEAKER_02",
        "text": ""
    },
    {
        "start": 69.24448217317487,
        "end": 69.29541595925298,
        "speaker": "SPEAKER_00",
        "text": ""
    },
    {
        "start": 70.38200339558574,
        "end": 70.84040747028862,
        "speaker": "SPEAKER_00",
        "text": ""
    },
    {
        "start": 70.84040747028862,
        "end": 70.87436332767402,
        "speaker": "SPEAKER_01",
        "text": ""
    },
    {
        "start": 70.89134125636673,
        "end": 89.00679117147709,
        "speaker": "SPEAKER_01",
        "text": "بي كلمحافظات دبتبقى نسبه الختانفي علي دان بدرسه لثنويه اللسيانت لما حدث في وفاه الطفله بدور ⁇  طبعا المجتمع كله تحرك الدوله كلها ترك بمؤسسه دار الافتاء اتدخ ل واصبر ل فو بتحلي تن ناس"
    },
    {
        "start": 80.43293718166385,
        "end": 80.90831918505941,
        "speaker": "SPEAKER_00",
        "text": ""
    },
    {
        "start": 88.8879456706282,
        "end": 89.34634974533108,
        "speaker": "SPEAKER_00",
        "text": ""
    },
    {
        "start": 89.19354838709677,
        "end": 122.72495755517826,
        "speaker": "SPEAKER_01",
        "text": "وزير الصحه هزا القرار لضا يعتبر القرار الثالي بعدسنه تستت ⁇ ين صدر القرا في ن ⁇  بمنهجتان ناس في اي مكان او اي شخص ظراذهل  الكريمه ئالى ن صد القانون واذكان حاجا صعبه جدانت ف ⁇ يه كا لاسه امجتمع ان انت تقول لم د خلا تجريم الختان د كان  شيء جديد عليه من بيعتبره عياده فان ينت جر ميها وتطلع ب العقبصغيره ديه كانت في الاول منثلث شور لسنتين اوبغرمنن   ⁇ م ث ده كان انجاز بالنسبه"
    },
    {
        "start": 93.67572156196945,
        "end": 94.13412563667234,
        "speaker": "SPEAKER_00",
        "text": ""
    },
    {
        "start": 99.90662139219015,
        "end": 100.33106960950764,
        "speaker": "SPEAKER_00",
        "text": ""
    },
    {
        "start": 122.65704584040748,
        "end": 123.14940577249575,
        "speaker": "SPEAKER_00",
        "text": ""
    },
    {
        "start": 123.45500848896435,
        "end": 138.7011884550085,
        "speaker": "SPEAKER_01",
        "text": "لغايه لما بدا نعم ورش عمل مع الناس المسؤول عن انفاج قانو لناحن الاحزمه منن  ⁇  لغايه بوفاه اطفل صغير الباتا في الدقهليه توقفبره بنت نتيجه جريم ختان الاناث متنفذش وقي"
    },
    {
        "start": 138.5993208828523,
        "end": 139.2784380305603,
        "speaker": "SPEAKER_00",
        "text": ""
    },
    {
        "start": 138.8709677419355,
        "end": 139.0067911714771,
        "speaker": "SPEAKER_01",
        "text": ""
    },
    {
        "start": 139.2784380305603,
        "end": 158.3786078098472,
        "speaker": "SPEAKER_01",
        "text": "بدنا مشوف المسؤولين عن انفاذ القانون وهي القضاء انيابه العاه الطب الشرعي وزاره الصحه العلاج الحر ماذا نعمل ورقشعم وتدريباتلسب فى تقيع ن الطب الشرعي وطلعنا بشويه توصير مهمه جدا ومن ضنها تغليظ العقوبه"
    },
    {
        "start": 145.6112054329372,
        "end": 145.98471986417658,
        "speaker": "SPEAKER_00",
        "text": ""
    },
    {
        "start": 152.99660441426147,
        "end": 153.40407470288625,
        "speaker": "SPEAKER_00",
        "text": ""
    },
    {
        "start": 156.1714770797963,
        "end": 156.57894736842107,
        "speaker": "SPEAKER_00",
        "text": ""
    },
    {
        "start": 158.4125636672326,
        "end": 158.9388794567063,
        "speaker": "SPEAKER_00",
        "text": ""
    },
    {
        "start": 158.82003395585738,
        "end": 165.3735144312394,
        "speaker": "SPEAKER_01",
        "text": "لاحظنا ان العقوبه بتاع لجريمه ختان الانااث قبليله جدا لا تتناسبمع الجريمه "
    },
    {
        "start": 164.94906621392192,
        "end": 166.56196943972836,
        "speaker": "SPEAKER_02",
        "text": "لو لمبتب"
    },
    {
        "start": 166.64685908319186,
        "end": 181.3497453310696,
        "speaker": "SPEAKER_01",
        "text": "اق جه دلوق اان ايي انسان عمل عميه الختان سواء طبيب او اي شخص اراقوه من خمس سنين ل س سننده في حالف الجر لكن ن  حصل عيها مستديمس اولقدر اللهلبنت توف لتوصل لسجن المسبقغ"
    },
    {
        "start": 174.66044142614604,
        "end": 175.0,
        "speaker": "SPEAKER_00",
        "text": ""
    },
    {
        "start": 181.38370118845503,
        "end": 181.9100169779287,
        "speaker": "SPEAKER_00",
        "text": ""
    },
    {
        "start": 181.8590831918506,
        "end": 210.58573853989816,
        "speaker": "SPEAKER_01",
        "text": "الميزه في لماده المعدله او كذا ويزا انه يه اول ما عرفت يعني ايه ⁇ كا في اقانون نصف نهائي ازاله سوائه اوتامل الاعضاء الخارجيه للبنت بدون سبب مض وتاج مهم انههي م الاعضاء على تقسيمه مش زي ختان الذكور نهاي عشان مناسبه حاول تسلامه بالفستان لنى سوخت نذكو ما لهاش علاقه خالص ان يانت قطع الاعضاءد هيعمل تربيه من بنت اوتعزه"
    },
    {
        "start": 188.14091680814943,
        "end": 188.8200339558574,
        "speaker": "SPEAKER_00",
        "text": "ل"
    },
    {
        "start": 198.8030560271647,
        "end": 199.15959252971138,
        "speaker": "SPEAKER_00",
        "text": ""
    },
    {
        "start": 201.58743633276742,
        "end": 201.9949066213922,
        "speaker": "SPEAKER_00",
        "text": ""
    },
    {
        "start": 210.02546689303907,
        "end": 210.72156196943973,
        "speaker": "SPEAKER_00",
        "text": ""
    },
    {
        "start": 211.19694397283533,
        "end": 216.18845500848897,
        "speaker": "SPEAKER_01",
        "text": "ده بالعكس انيعني بتعمدي مشاكل صحيه وجسديه ومعمبن"
    },
    {
        "start": 215.1867572156197,
        "end": 216.57894736842107,
        "speaker": "SPEAKER_00",
        "text": ""
    },
    {
        "start": 216.61290322580646,
        "end": 219.32937181663837,
        "speaker": "SPEAKER_01",
        "text": "بتستنر معها قبل الجواز وبعد الجوا"
    },
    {
        "start": 219.32937181663837,
        "end": 219.90662139219017,
        "speaker": "SPEAKER_00",
        "text": ""
    },
    {
        "start": 219.99151103565367,
        "end": 243.33616298811546,
        "speaker": "SPEAKER_01",
        "text": "الو طبه ديضرت لتتناسبمع الجريم نفسهالالميزه الثانيه ان هو حضرتك اداخل اي انسان الصاحب انثىسواء اب او ام او عم او خال لا الدكتور وجبريل عمليه الختان ه تكون الوعقوه من سن ثلاث سنين ولناس الثالثه ان هو رفع سا ⁇ يالالجريمه من جن حق الن"
    },
    {
        "start": 243.33616298811546,
        "end": 252.8947368421053,
        "speaker": "SPEAKER_03",
        "text": "ولكن مهب ح  في حجيون في  عديلنن ولكن"
    },
    {
        "start": 251.14601018675722,
        "end": 251.58743633276742,
        "speaker": "SPEAKER_00",
        "text": ""
    },
    {
        "start": 253.40407470288628,
        "end": 254.28692699490665,
        "speaker": "SPEAKER_03",
        "text": "اجتمعين"
    },
    {
        "start": 254.67741935483872,
        "end": 258.0220713073005,
        "speaker": "SPEAKER_03",
        "text": "مزالش مناطق معينه هوتقدول و"
    },
    {
        "start": 256.3752122241086,
        "end": 256.9015280135824,
        "speaker": "SPEAKER_00",
        "text": ""
    },
    {
        "start": 258.3955857385399,
        "end": 271.74023769100177,
        "speaker": "SPEAKER_03",
        "text": "مطلوب وبيبقى عار لو البنت مع بابهاش عمليات الحساد بيتن ومرقبته ازا او محبتهز لان التقدير التماعيه دي من اكثر الحاجات الصعبه دالواحد ي"
    },
    {
        "start": 271.33276740237693,
        "end": 272.7249575551783,
        "speaker": "SPEAKER_01",
        "text": "سط في المجتمعن"
    },
    {
        "start": 272.4872665534805,
        "end": 276.4770797962649,
        "speaker": "SPEAKER_03",
        "text": "لمتنبيحمت"
    },
    {
        "start": 276.9354838709678,
        "end": 313.42105263157896,
        "speaker": "SPEAKER_01",
        "text": "و حضرتك حنا اللحملات التهي  لفقر مسر كلها والموض بيكنف لشيخ من  ااوقاف او ازر او دار الافتاء وبيكون طبيب بيشرح كل الاضرار الجسديه والنفسيه طبعا الناس كلها في الاول ما  بتبقاش عندها كل المعلومات اللي هي في الجرينا ه سكان يعني لما بيحى لما ناقشنا مع القضاء و كلاءنيابه ما كانوشش مستوعبين خطوره العادره بالنسبه للست اللي اهو راجل ومش بيحس بلام دي اوالمشاكل اللي بتحصل ب فلما "
    },
    {
        "start": 286.5619694397284,
        "end": 286.9015280135824,
        "speaker": "SPEAKER_00",
        "text": ""
    },
    {
        "start": 292.33446519524625,
        "end": 292.70797962648555,
        "speaker": "SPEAKER_00",
        "text": ""
    },
    {
        "start": 297.937181663837,
        "end": 298.5653650254669,
        "speaker": "SPEAKER_00",
        "text": "ب"
    },
    {
        "start": 312.741935483871,
        "end": 314.98302207130735,
        "speaker": "SPEAKER_03",
        "text": "ي وتعي ه باظ"
    },
    {
        "start": 313.87945670628187,
        "end": 330.65365025466895,
        "speaker": "SPEAKER_01",
        "text": "بالضبط فلما توصل لهبتديق قرض  تديف كله انهي دي مش حه ججده هنا بان هو عنده اعتقادندي حاجه عاديه جدا سيطه جدا للبنت واحنا بنلحاول مشبها ما بذكور اياناس ن اتلضوافر لما تتتص صغيربعضل"
    },
    {
        "start": 316.3073005093379,
        "end": 316.7317487266554,
        "speaker": "SPEAKER_03",
        "text": ""
    },
    {
        "start": 317.00339558573853,
        "end": 317.427843803056,
        "speaker": "SPEAKER_03",
        "text": ""
    },
    {
        "start": 320.73853989813244,
        "end": 321.19694397283536,
        "speaker": "SPEAKER_03",
        "text": ""
    },
    {
        "start": 321.19694397283536,
        "end": 321.2308998302208,
        "speaker": "SPEAKER_00",
        "text": ""
    },
    {
        "start": 321.2648556876061,
        "end": 321.4006791171478,
        "speaker": "SPEAKER_00",
        "text": ""
    },
    {
        "start": 321.4346349745331,
        "end": 321.45161290322585,
        "speaker": "SPEAKER_00",
        "text": ""
    },
    {
        "start": 323.6926994906621,
        "end": 324.13412563667237,
        "speaker": "SPEAKER_00",
        "text": "ي"
    },
    {
        "start": 330.65365025466895,
        "end": 331.3497453310696,
        "speaker": "SPEAKER_00",
        "text": ""
    },
    {
        "start": 330.94227504244486,
        "end": 333.87945670628187,
        "speaker": "SPEAKER_01",
        "text": "هل اظبط مسال ختان اذكور ختان اا س"
    },
    {
        "start": 333.3701188455009,
        "end": 334.0322580645161,
        "speaker": "SPEAKER_00",
        "text": "اس"
    },
    {
        "start": 334.0322580645161,
        "end": 343.59083191850596,
        "speaker": "SPEAKER_01",
        "text": "لمانوصل الناس وبنقع نوصل لهم المعلومات في نسبه عليه جدا انهم ليستجيب معنا حته ان بي جريمه سل"
    },
    {
        "start": 343.6078098471986,
        "end": 351.044142614601,
        "speaker": "SPEAKER_02",
        "text": "تقه كمنمعجوتشخو جود طبيب العمليه تبقى برده اسهل شويه السوطوه الناس مش كده"
    },
    {
        "start": 347.0203735144313,
        "end": 347.37691001697794,
        "speaker": "SPEAKER_01",
        "text": ""
    },
    {
        "start": 349.39728353140913,
        "end": 349.7538200339559,
        "speaker": "SPEAKER_01",
        "text": ""
    },
    {
        "start": 351.044142614601,
        "end": 370.4159592529711,
        "speaker": "SPEAKER_01",
        "text": "اوضبط الليهو حضرتك في الاول الناس بتو بتحاول تلثقها  الحاديث سهنب على ست لس لمه التقول امديه حاجه من السنه وهيطبع بعيد هي عن السنه الل جاءذ كرها  الامام ابن المنذر في القرن الرابع الري ال انستان بناثلاس في صابري نيورجع لىي او ثم تختر"
    },
    {
        "start": 355.23769100169784,
        "end": 355.7130730050934,
        "speaker": "SPEAKER_02",
        "text": ""
    },
    {
        "start": 357.83531409168086,
        "end": 358.37860780984727,
        "speaker": "SPEAKER_02",
        "text": "ز"
    },
    {
        "start": 359.77079796264854,
        "end": 359.9575551782683,
        "speaker": "SPEAKER_00",
        "text": ""
    },
    {
        "start": 359.9575551782683,
        "end": 359.97453310696096,
        "speaker": "SPEAKER_02",
        "text": ""
    },
    {
        "start": 359.97453310696096,
        "end": 360.14431239388796,
        "speaker": "SPEAKER_00",
        "text": ""
    },
    {
        "start": 365.32258064516134,
        "end": 366.0526315789474,
        "speaker": "SPEAKER_02",
        "text": ""
    },
    {
        "start": 369.7538200339559,
        "end": 371.723259762309,
        "speaker": "SPEAKER_02",
        "text": "طقل حاجات امع حلكد"
    },
    {
        "start": 372.1816638370119,
        "end": 390.77249575551787,
        "speaker": "SPEAKER_01",
        "text": "حضرتكبي دي شويهمبوتمهمه جدا اولا احنا بنحاول بنوذعها لك فئات المجتمع سواء ناس عاديه ابو ام اوناس مسؤولين قاو نا مهم يعني ختصاصهم نفاذ القانون بتبقى مضبوط حاجات بسيطه اوسيت او قتد"
    },
    {
        "start": 390.6366723259763,
        "end": 391.07809847198644,
        "speaker": "SPEAKER_00",
        "text": ""
    },
    {
        "start": 390.7894736842105,
        "end": 390.9252971137521,
        "speaker": "SPEAKER_01",
        "text": ""
    },
    {
        "start": 391.07809847198644,
        "end": 399.05772495755525,
        "speaker": "SPEAKER_01",
        "text": "الاضافه احنا عاملين الاستراتيجيه القوميه لنا الفتان النا دي اوقطه في  ⁇  لغايه  ⁇ "
    },
    {
        "start": 394.8811544991511,
        "end": 395.2207130730051,
        "speaker": "SPEAKER_00",
        "text": ""
    },
    {
        "start": 399.0407470288625,
        "end": 399.51612903225805,
        "speaker": "SPEAKER_00",
        "text": "ا"
    },
    {
        "start": 399.1086587436333,
        "end": 399.125636672326,
        "speaker": "SPEAKER_01",
        "text": ""
    },
    {
        "start": 399.39728353140924,
        "end": 399.43123938879455,
        "speaker": "SPEAKER_01",
        "text": ""
    },
    {
        "start": 399.48217317487274,
        "end": 403.8285229202038,
        "speaker": "SPEAKER_01",
        "text": "دي تهدف لى اقلا نسبه ستان انس في مصر الى  ⁇  في المئه"
    },
    {
        "start": 403.8285229202038,
        "end": 403.9983022071308,
        "speaker": "SPEAKER_00",
        "text": ""
    }
]