[
    {
        "start": 0.008488964346349746,
        "end": 0.8913412563667233,
        "speaker": "SPEAKER_01",
        "text": "كذرائ"
    },
    {
        "start": 0.8913412563667233,
        "end": 0.9932088285229204,
        "speaker": "SPEAKER_00",
        "text": ""
    },
    {
        "start": 1.2818336162988115,
        "end": 10.280135823429543,
        "speaker": "SPEAKER_01",
        "text": "بالمناسبه اط الاستاذ خالد منار بين  لكتساط منرهتتهلمار"
    },
    {
        "start": 10.280135823429543,
        "end": 10.466893039049237,
        "speaker": "SPEAKER_00",
        "text": ""
    },
    {
        "start": 10.466893039049237,
        "end": 15.237691001697794,
        "speaker": "SPEAKER_01",
        "text": "ي ب مخرج يتعمل معها "
    },
    {
        "start": 10.483870967741936,
        "end": 10.534804753820035,
        "speaker": "SPEAKER_00",
        "text": ""
    },
    {
        "start": 13.794567062818338,
        "end": 13.896434634974534,
        "speaker": "SPEAKER_02",
        "text": ""
    },
    {
        "start": 13.896434634974534,
        "end": 14.219015280135824,
        "speaker": "SPEAKER_03",
        "text": ""
    },
    {
        "start": 14.219015280135824,
        "end": 14.422750424448218,
        "speaker": "SPEAKER_02",
        "text": ""
    },
    {
        "start": 14.422750424448218,
        "end": 14.439728353140918,
        "speaker": "SPEAKER_03",
        "text": ""
    },
    {
        "start": 14.847198641765706,
        "end": 14.881154499151105,
        "speaker": "SPEAKER_02",
        "text": ""
    },
    {
        "start": 14.881154499151105,
        "end": 15.35653650254669,
        "speaker": "SPEAKER_03",
        "text": ""
    },
    {
        "start": 15.35653650254669,
        "end": 16.98641765704584,
        "speaker": "SPEAKER_01",
        "text": "يسسي"
    },
    {
        "start": 16.98641765704584,
        "end": 20.993208828522924,
        "speaker": "SPEAKER_03",
        "text": "دي اللي هي بلس العمل في بفاعه ايت عامله كانت كانت"
    },
    {
        "start": 17.054329371816642,
        "end": 17.69949066213922,
        "speaker": "SPEAKER_01",
        "text": "د"
    }
]