[
    {
        "start": 0.008488964346349746,
        "end": 1.4855687606112054,
        "speaker": "SPEAKER_02",
        "text": "مدر من نب"
    },
    {
        "start": 1.9949066213921904,
        "end": 5.797962648556876,
        "speaker": "SPEAKER_02",
        "text": "حاسس ان ربنا يمكن انطتور لمش ل نا"
    },
    {
        "start": 6.3073005093378605,
        "end": 8.089983022071308,
        "speaker": "SPEAKER_02",
        "text": "انه يبقى في حاجه فاعل"
    },
    {
        "start": 8.293718166383702,
        "end": 9.73684210526316,
        "speaker": "SPEAKER_02",
        "text": "توري ن"
    },
    {
        "start": 9.278438030560272,
        "end": 9.821731748726656,
        "speaker": "SPEAKER_00",
        "text": "ا"
    },
    {
        "start": 10.72156196943973,
        "end": 18.310696095076402,
        "speaker": "SPEAKER_02",
        "text": "قدلونبسضفش المفروض ان احد يبقى ضيقل ن حد او بيعمل من حد اوحاجه علشا ن هو بس موختلفك عنه يع"
    },
    {
        "start": 18.921901528013585,
        "end": 21.99490662139219,
        "speaker": "SPEAKER_01",
        "text": "انا بشكرك على هذا الاختيار وحب قول لك"
    }
]