[
    {
        "start": 0.008488964346349746,
        "end": 11.095076400679117,
        "speaker": "SPEAKER_01",
        "text": "وشوفنا بقى على عجول مستشفى انا عايزه اقول لكم بجد انتم عاملين عمل انتم تحت رموده المهم انكم تحترووها يعني غير نكود تحبوه الحقيقهيي"
    },
    {
        "start": 7.937181663837013,
        "end": 8.66723259762309,
        "speaker": "SPEAKER_00",
        "text": ""
    },
    {
        "start": 11.604414261460104,
        "end": 23.251273344651956,
        "speaker": "SPEAKER_01",
        "text": "نشوف بقى لقطات من حسن بو الروس عز المحامي اللي يعني لوعى شويه وحام سم يعنيي"
    },
    {
        "start": 20.059422750424453,
        "end": 21.43463497453311,
        "speaker": "SPEAKER_00",
        "text": "ين يي"
    },
    {
        "start": 21.51952461799661,
        "end": 21.689303904923598,
        "speaker": "SPEAKER_00",
        "text": ""
    },
    {
        "start": 24.185059422750427,
        "end": 37.46179966044143,
        "speaker": "SPEAKER_01",
        "text": "ما فمتش طبعا تحيه لصديقتيغذ عادل هو عامله دور عظيم رمانه الميزان كده ح المسلسل كله قال الشماء يا اللي اخترته بصراحه ب عدنش اصا لهص"
    },
    {
        "start": 27.512733446519526,
        "end": 28.82003395585739,
        "speaker": "SPEAKER_00",
        "text": "عمل دور "
    },
    {
        "start": 29.29541595925297,
        "end": 29.974533106960955,
        "speaker": "SPEAKER_00",
        "text": ""
    },
    {
        "start": 31.553480475382003,
        "end": 32.096774193548384,
        "speaker": "SPEAKER_00",
        "text": ""
    },
    {
        "start": 36.697792869269946,
        "end": 37.10526315789474,
        "speaker": "SPEAKER_00",
        "text": ""
    },
    {
        "start": 37.66553480475382,
        "end": 40.16129032258065,
        "speaker": "SPEAKER_01",
        "text": "عشانكعشان تتجوز"
    },
    {
        "start": 39.14261460101868,
        "end": 47.835314091680814,
        "speaker": "SPEAKER_00",
        "text": "جهاشمير جدا يعني استاذه غاده عديل ع تحتضنها لكل من في اللوكيش ن عم"
    },
    {
        "start": 40.55178268251273,
        "end": 41.6723259762309,
        "speaker": "SPEAKER_01",
        "text": "او"
    },
    {
        "start": 43.31918505942275,
        "end": 43.76061120543294,
        "speaker": "SPEAKER_01",
        "text": ""
    },
    {
        "start": 47.88624787775891,
        "end": 54.04923599320883,
        "speaker": "SPEAKER_00",
        "text": "وحلاوه روحه واللهوطبعا مش هنتكلم عن تريفها رخبيتكلم عنها يعنني"
    },
    {
        "start": 54.269949066213925,
        "end": 57.22410865874363,
        "speaker": "SPEAKER_01",
        "text": "بس غاده فعلا ده المسلسل ده"
    },
    {
        "start": 57.22410865874363,
        "end": 58.1578947368421,
        "speaker": "SPEAKER_00",
        "text": "ض"
    },
    {
        "start": 57.750424448217316,
        "end": 69.00679117147709,
        "speaker": "SPEAKER_01",
        "text": "قه العظيم تقبلكبه وكانت مشاهدهاكلها كده تحس انه غاده طلعت فرحهعجز كبيره قوي من الحاجه الحلوه اللي احنا وصلن لاها ونحن"
    },
    {
        "start": 59.227504244482176,
        "end": 60.483870967741936,
        "speaker": "SPEAKER_00",
        "text": "اللكبه"
    },
    {
        "start": 65.0339558573854,
        "end": 65.59422750424449,
        "speaker": "SPEAKER_00",
        "text": ""
    }
]