[
    {
        "start": 0.1103565365025467,
        "end": 5.71307300509338,
        "speaker": "SPEAKER_01",
        "text": "يبقى مبسوط بجد وي منقلبون احنا في الحقيقه بره المشاهد احنا قاعدين مع بعض مندمجين"
    },
    {
        "start": 5.71307300509338,
        "end": 5.98471986417657,
        "speaker": "SPEAKER_00",
        "text": ""
    },
    {
        "start": 5.98471986417657,
        "end": 16.001697792869273,
        "speaker": "SPEAKER_01",
        "text": "الحمد لله كانت تعلها وترت جدا في الحقيقهه وفي كل حاجه طلعه من هنا حقيقيه ومصدقينها جدا جدا لان احنا كنا عايشين حققه"
    },
    {
        "start": 9.057724957555179,
        "end": 9.838709677419356,
        "speaker": "SPEAKER_00",
        "text": "الله"
    }
]