[
    {
        "start": 0.008488964346349746,
        "end": 0.9932088285229204,
        "speaker": "SPEAKER_00",
        "text": "زي ك"
    },
    {
        "start": 1.5874363327674024,
        "end": 5.373514431239389,
        "speaker": "SPEAKER_00",
        "text": "وذكان من حق الرجل حاجه ن حق المراه ن"
    },
    {
        "start": 4.6943972835314085,
        "end": 5.254668930390492,
        "speaker": "SPEAKER_01",
        "text": ""
    },
    {
        "start": 5.797962648556876,
        "end": 25.899830220713078,
        "speaker": "SPEAKER_00",
        "text": "ناقاشنا في الموضوع دهول كثير وحصل متشوفها قال لها انا مل كده ات حلوهنابسكفيهكفايه ا هتلفرحهقضيه مش متوحه فرطويوه والرجل اخذحقق  مثث واه اصيرهد"
    },
    {
        "start": 7.376910016977929,
        "end": 7.66553480475382,
        "speaker": "SPEAKER_01",
        "text": ""
    },
    {
        "start": 8.276740237691003,
        "end": 10.297113752122241,
        "speaker": "SPEAKER_01",
        "text": ""
    },
    {
        "start": 12.40237691001698,
        "end": 15.882852292020374,
        "speaker": "SPEAKER_01",
        "text": "ل اهنا"
    },
    {
        "start": 18.616298811544993,
        "end": 18.75212224108659,
        "speaker": "SPEAKER_01",
        "text": ""
    },
    {
        "start": 26.205432937181662,
        "end": 35.81494057724957,
        "speaker": "SPEAKER_00",
        "text": "حتى فلكرميا بالربى ينابنت د وللملهو ا انا شايفك انسي وسوادبننالرج والمراه في شتم مو اضيع"
    },
    {
        "start": 28.106960950764005,
        "end": 28.650254668930394,
        "speaker": "SPEAKER_01",
        "text": ""
    },
    {
        "start": 30.398981324278438,
        "end": 30.97623089983022,
        "speaker": "SPEAKER_01",
        "text": ""
    },
    {
        "start": 31.383701188455007,
        "end": 31.808149405772497,
        "speaker": "SPEAKER_01",
        "text": ""
    },
    {
        "start": 36.23938879456706,
        "end": 39.159592529711375,
        "speaker": "SPEAKER_00",
        "text": "ل من مسلس ل يسره على فكر دي لن قاش"
    },
    {
        "start": 39.92359932088285,
        "end": 40.806451612903224,
        "speaker": "SPEAKER_00",
        "text": "دم"
    },
    {
        "start": 40.806451612903224,
        "end": 44.7962648556876,
        "speaker": "SPEAKER_01",
        "text": "حم حابذ مسافه  لللا ال"
    },
    {
        "start": 40.92529711375212,
        "end": 41.078098471986415,
        "speaker": "SPEAKER_00",
        "text": ""
    },
    {
        "start": 43.47198641765704,
        "end": 43.539898132427844,
        "speaker": "SPEAKER_00",
        "text": ""
    },
    {
        "start": 45.18675721561969,
        "end": 45.288624787775895,
        "speaker": "SPEAKER_01",
        "text": ""
    },
    {
        "start": 45.30560271646859,
        "end": 46.06960950764007,
        "speaker": "SPEAKER_01",
        "text": ""
    },
    {
        "start": 46.32427843803056,
        "end": 48.106960950764005,
        "speaker": "SPEAKER_01",
        "text": "المسلسل طرح فكره"
    },
    {
        "start": 48.565365025466896,
        "end": 51.41765704584041,
        "speaker": "SPEAKER_01",
        "text": "ناماعدش انرر ترحت بالشكل ده ان كده فكرثيه"
    },
    {
        "start": 51.859083191850594,
        "end": 53.149405772495754,
        "speaker": "SPEAKER_01",
        "text": "بؤولي "
    },
    {
        "start": 54.52461799660441,
        "end": 58.08998302207131,
        "speaker": "SPEAKER_01",
        "text": "في لحفاظ على الا ⁇ ره وبيجت"
    },
    {
        "start": 56.188455008488965,
        "end": 57.37691001697793,
        "speaker": "SPEAKER_00",
        "text": "ل"
    },
    {
        "start": 57.73344651952462,
        "end": 57.81833616298812,
        "speaker": "SPEAKER_00",
        "text": ""
    },
    {
        "start": 58.2427843803056,
        "end": 60.92529711375212,
        "speaker": "SPEAKER_01",
        "text": "ست هي اللي دا ئما تلمميعن اكترح"
    },
    {
        "start": 61.48556876061121,
        "end": 62.35144312393888,
        "speaker": "SPEAKER_01",
        "text": ""
    },
    {
        "start": 61.859083191850594,
        "end": 62.198641765704586,
        "speaker": "SPEAKER_00",
        "text": ""
    },
    {
        "start": 62.53820033955857,
        "end": 74.7453310696095,
        "speaker": "SPEAKER_01",
        "text": "و فاء  ل احنا مجتمعنا كده مجتمع الشرققي بسدهمشل حاجات كثير جدا في البيت الرجل مسؤوليته"
    },
    {
        "start": 63.16638370118846,
        "end": 66.62988115449915,
        "speaker": "SPEAKER_00",
        "text": "ه"
    },
    {
        "start": 74.9490662139219,
        "end": 84.59252971137522,
        "speaker": "SPEAKER_01",
        "text": "الجزء الاقتصادي الجزء المادي بشكل اساسي انما مسئوليت التربيه والسلوك والحفاظ على البيت كلنا بلا الستثناء طلعنا لقيناهالينا كه"
    },
    {
        "start": 85.11884550084889,
        "end": 98.0560271646859,
        "speaker": "SPEAKER_01",
        "text": "لما حصل ده في مجتمعن فتره من فترات والست تخلت عن الدوءدهوتانت ه الدور الاقتصادي وسابت جزء من دور المهم جدا ده للرجل المجتمع بتديت فكك شويه هنا"
    },
    {
        "start": 98.48047538200339,
        "end": 105.3056027164686,
        "speaker": "SPEAKER_01",
        "text": "هاني كمال على مااعتقد كان بيقص لحته دور الشيده او دورالمره"
    },
    {
        "start": 105.76400679117148,
        "end": 110.38200339558574,
        "speaker": "SPEAKER_01",
        "text": "في بون المجتمع الصغير وبالتالي ثلاحمن لمكم الكبيرا لسو"
    },
    {
        "start": 109.63497453310697,
        "end": 115.32258064516128,
        "speaker": "SPEAKER_00",
        "text": "س لما تخلت عن الدور ده ولعب الدور كث الا"
    },
    {
        "start": 112.69100169779287,
        "end": 139.99151103565367,
        "speaker": "SPEAKER_01",
        "text": "مبرت ناعثمبلراج الت ضيكنحث لى نتي تل انتج من هو هنا حتى الست الموظفه اللي بتشتغلف في شغلها الصب الشر العقاري هي برده المسؤوله عن البيت عنبناتها عناولادها الصغيرين البنت اللي بتذاكر البنت اللي عندها مشكله مع خطيبها الولدشقي بنيه ك الاشياء مشكلد جوزعيمشه ي لما"
    },
    {
        "start": 116.20543293718166,
        "end": 116.61290322580646,
        "speaker": "SPEAKER_00",
        "text": ""
    },
    {
        "start": 116.83361629881153,
        "end": 118.616298811545,
        "speaker": "SPEAKER_00",
        "text": ""
    },
    {
        "start": 135.2376910016978,
        "end": 135.9168081494058,
        "speaker": "SPEAKER_00",
        "text": "نايه"
    }
]