[
    {
        "start": 0.008488964346349746,
        "end": 3.930390492359932,
        "speaker": "SPEAKER_01",
        "text": "طو بانطهلي انا اقدر اقو لا يعني اتشغيل نشكلكبي"
    },
    {
        "start": 4.5415959252971145,
        "end": 12.470288624787777,
        "speaker": "SPEAKER_01",
        "text": "من الطبخه الوصط هي الحكاي كا اي بيطلعمنها تقول الحقاطيبه"
    },
    {
        "start": 10.99320882852292,
        "end": 12.02886247877759,
        "speaker": "SPEAKER_00",
        "text": "ي"
    },
    {
        "start": 13.132427843803057,
        "end": 17.682512733446522,
        "speaker": "SPEAKER_01",
        "text": "ويعني المسبرح الفيجمدهم بالحقيقه تل هو بيتال على الطبقه الوسطى المصريه"
    },
    {
        "start": 17.988115449915114,
        "end": 20.28013582342954,
        "speaker": "SPEAKER_01",
        "text": "ذبل فتره كطوله جدا"
    },
    {
        "start": 20.823429541595928,
        "end": 20.993208828522924,
        "speaker": "SPEAKER_01",
        "text": ""
    }
]