[
    {
        "start": 0.008488964346349746,
        "end": 8.00509337860781,
        "speaker": "SPEAKER_00",
        "text": "انا بشوف الناس حبه المسلسل النور ازاي ميمكن نعم هامن غير فلوس"
    },
    {
        "start": 5.203735144312395,
        "end": 5.237691001697794,
        "speaker": "SPEAKER_01",
        "text": ""
    },
    {
        "start": 5.237691001697794,
        "end": 6.239388794567063,
        "speaker": "SPEAKER_02",
        "text": "ييه"
    },
    {
        "start": 8.123938879456707,
        "end": 11.740237691001699,
        "speaker": "SPEAKER_00",
        "text": "او باقلالامكانيات  ونقدر نحب اصل كم"
    },
    {
        "start": 8.276740237691003,
        "end": 8.293718166383702,
        "speaker": "SPEAKER_01",
        "text": ""
    },
    {
        "start": 8.293718166383702,
        "end": 8.310696095076402,
        "speaker": "SPEAKER_02",
        "text": ""
    },
    {
        "start": 8.3276740237691,
        "end": 8.429541595925297,
        "speaker": "SPEAKER_02",
        "text": ""
    },
    {
        "start": 8.429541595925297,
        "end": 8.446519524617997,
        "speaker": "SPEAKER_01",
        "text": ""
    },
    {
        "start": 8.446519524617997,
        "end": 8.70118845500849,
        "speaker": "SPEAKER_02",
        "text": ""
    },
    {
        "start": 8.70118845500849,
        "end": 8.71816638370119,
        "speaker": "SPEAKER_01",
        "text": ""
    },
    {
        "start": 12.02886247877759,
        "end": 12.096774193548388,
        "speaker": "SPEAKER_01",
        "text": ""
    },
    {
        "start": 12.096774193548388,
        "end": 12.453310696095077,
        "speaker": "SPEAKER_02",
        "text": ""
    },
    {
        "start": 12.741935483870968,
        "end": 20.365025466893037,
        "speaker": "SPEAKER_02",
        "text": "قبد هنا الص الحا الليبينواخ شيرين عبد الحميد وشريف"
    },
    {
        "start": 13.166383701188456,
        "end": 14.151103565365027,
        "speaker": "SPEAKER_01",
        "text": "صه الح"
    },
    {
        "start": 16.68081494057725,
        "end": 16.74872665534805,
        "speaker": "SPEAKER_00",
        "text": ""
    },
    {
        "start": 16.74872665534805,
        "end": 16.918505942275047,
        "speaker": "SPEAKER_01",
        "text": ""
    },
    {
        "start": 18.616298811544993,
        "end": 19.940577249575554,
        "speaker": "SPEAKER_00",
        "text": "ري عبد الحمد و"
    },
    {
        "start": 19.99151103565365,
        "end": 20.025466893039052,
        "speaker": "SPEAKER_01",
        "text": ""
    },
    {
        "start": 21.315789473684212,
        "end": 23.624787775891342,
        "speaker": "SPEAKER_02",
        "text": "ه الخط اللي نت كنت مشي عله اللي حصل في"
    },
    {
        "start": 23.74363327674024,
        "end": 23.998302207130735,
        "speaker": "SPEAKER_02",
        "text": ""
    }
]