[
    {
        "start": 0.008488964346349746,
        "end": 2.606112054329372,
        "speaker": "SPEAKER_00",
        "text": "حضرتك ساع الدا جداجد"
    },
    {
        "start": 0.9932088285229204,
        "end": 1.3837011884550086,
        "speaker": "SPEAKER_01",
        "text": ""
    },
    {
        "start": 3.33616298811545,
        "end": 14.015280135823431,
        "speaker": "SPEAKER_00",
        "text": "ا يعني انت دخلت ي التفاصيل بتاعه  الشنطه الهدفون طريقه الكسوف هل دخل  التفاصيل د يا ذاليا ولا ايه"
    },
    {
        "start": 15.577249575551784,
        "end": 23.064516129032256,
        "speaker": "SPEAKER_01",
        "text": "اللي انا عملته ن انا عرففهمعلى مجموعه عمن الولاد اللي عندي في التنتي"
    },
    {
        "start": 23.67572156196944,
        "end": 29.533106960950768,
        "speaker": "SPEAKER_01",
        "text": "واانا يعني كان قلبي حاسس اللي هو في الاخر هنالا اللي هو اللي هيليق على الدور"
    },
    {
        "start": 29.617996604414266,
        "end": 34.9320882852292,
        "speaker": "SPEAKER_01",
        "text": "ي عبد الله بقى اخ وحد يشوفوه شان كن دعدمو من كول اللي قلي"
    },
    {
        "start": 34.9320882852292,
        "end": 35.47538200339559,
        "speaker": "SPEAKER_00",
        "text": ""
    },
    {
        "start": 35.95076400679117,
        "end": 38.61629881154499,
        "speaker": "SPEAKER_01",
        "text": "عدهاله وهو نغي"
    },
    {
        "start": 39.63497453310696,
        "end": 50.94227504244482,
        "speaker": "SPEAKER_01",
        "text": "يعني عبد الله م شي غايهه النهاردههفون لابس الشنطه سك شنط بنفس الطريقه اللي نازين بيفشخا بيكسف بنفس الطري يعني"
    },
    {
        "start": 50.43293718166384,
        "end": 50.75551782682513,
        "speaker": "SPEAKER_00",
        "text": ""
    },
    {
        "start": 50.97623089983022,
        "end": 51.02716468590832,
        "speaker": "SPEAKER_01",
        "text": ""
    },
    {
        "start": 51.04414261460102,
        "end": 57.02037351443124,
        "speaker": "SPEAKER_01",
        "text": "حاجه مرعبه يعني اللي درن  انا ما الفرت عل الحلقه ش مصدقه انا انا"
    },
    {
        "start": 58.17487266553481,
        "end": 73.98132427843802,
        "speaker": "SPEAKER_00",
        "text": "بعد ماشفت المسلسل تاثير المسلسل ده ايه على اهتمام المجتمعع بدمج المتوحدين و بانم بالاحساس انهم جزء من هذا المجتمع يمكن التعامل معهم بل بالعكسكيكونوا افضل من العا"
    },
    {
        "start": 75.42444821731749,
        "end": 80.92529711375212,
        "speaker": "SPEAKER_01",
        "text": "صياسل يعني ت القالناس الليعافه عي ش فانا بعملت التوعيه"
    },
    {
        "start": 82.1646859083192,
        "end": 90.85738539898134,
        "speaker": "SPEAKER_01",
        "text": "انما هم عملوا حاجه انا لو سجعت كمان  ⁇  ميز نا مشف ح هم دخطواحان  "
    },
    {
        "start": 91.09507640067912,
        "end": 91.6893039049236,
        "speaker": "SPEAKER_01",
        "text": "ب"
    },
    {
        "start": 92.21561969439728,
        "end": 93.09847198641765,
        "speaker": "SPEAKER_01",
        "text": ""
    },
    {
        "start": 93.52292020373514,
        "end": 95.37351443123939,
        "speaker": "SPEAKER_01",
        "text": "ن شخص الوطن ع"
    },
    {
        "start": 95.96774193548387,
        "end": 103.13242784380307,
        "speaker": "SPEAKER_01",
        "text": "بالضبطعنا مما رفت وص ل مثلا حد واقفكم اوخرز ي"
    },
    {
        "start": 103.40407470288625,
        "end": 103.82852292020374,
        "speaker": "SPEAKER_00",
        "text": ""
    },
    {
        "start": 105.0,
        "end": 109.41426146010187,
        "speaker": "SPEAKER_01",
        "text": "الفن رهيب ره"
    },
    {
        "start": 110.46689303904924,
        "end": 120.39898132427845,
        "speaker": "SPEAKER_01",
        "text": "كون النط ادر انت من الظهر بالشكل ده يعني انا شايف نفسي بد لكثير جدا بشتغل في المجال دهبتع"
    },
    {
        "start": 114.18505942275041,
        "end": 114.21901528013584,
        "speaker": "SPEAKER_00",
        "text": ""
    },
    {
        "start": 114.25297113752123,
        "end": 114.38879456706283,
        "speaker": "SPEAKER_00",
        "text": ""
    },
    {
        "start": 120.39898132427845,
        "end": 126.98641765704585,
        "speaker": "SPEAKER_00",
        "text": "ه انا كمان اثر د د لما  جميردوالناتعود"
    },
    {
        "start": 123.52292020373514,
        "end": 126.42614601018676,
        "speaker": "SPEAKER_01",
        "text": "جمديون"
    },
    {
        "start": 127.29202037351445,
        "end": 129.0237691001698,
        "speaker": "SPEAKER_01",
        "text": "ع"
    },
    {
        "start": 129.56706281833618,
        "end": 130.63667232597624,
        "speaker": "SPEAKER_01",
        "text": ""
    },
    {
        "start": 131.14601018675722,
        "end": 134.10016977928694,
        "speaker": "SPEAKER_01",
        "text": "متكنهد  بالنسباري كن عظي"
    },
    {
        "start": 131.8081494057725,
        "end": 132.48726655348048,
        "speaker": "SPEAKER_00",
        "text": ""
    },
    {
        "start": 135.1018675721562,
        "end": 151.11205432937183,
        "speaker": "SPEAKER_00",
        "text": "انا بشكرك على المجهود اللي عملتيها داليا وبسكوت عن قود اللي بتعمليه حنعمل حلقات ثانيه بس هم الحياه قدموا اعظم من الحلقات اللي احنا بنعملها كثير بس مجهود عظيم ده حقيقي شكرا دكتوره داليا سليمان ياعز عز عاز"
    },
    {
        "start": 145.5602716468591,
        "end": 145.67911714770798,
        "speaker": "SPEAKER_01",
        "text": ""
    },
    {
        "start": 152.0288624787776,
        "end": 156.0016977928693,
        "speaker": "SPEAKER_00",
        "text": "يعني بس انا لسه مقول لكم كمان انتم"
    }
]