[
    {
        "start": 0.008488964346349746,
        "end": 2.368421052631579,
        "speaker": "SPEAKER_00",
        "text": "حاجه معينا  عنده حاجه خاص رمضضا"
    },
    {
        "start": 2.0797962648556876,
        "end": 5.135823429541595,
        "speaker": "SPEAKER_01",
        "text": "ظدله لنت "
    },
    {
        "start": 3.302207130730051,
        "end": 10.246179966044144,
        "speaker": "SPEAKER_00",
        "text": "لاذغبل مسلسلللرائ لن  بجد مسلسل حلو جدا"
    },
    {
        "start": 7.376910016977929,
        "end": 7.461799660441427,
        "speaker": "SPEAKER_01",
        "text": ""
    },
    {
        "start": 10.34804753820034,
        "end": 15.865874363327675,
        "speaker": "SPEAKER_01",
        "text": "خرانعت العاديزندر برد ضنفاتطرج الجماعني طرا"
    },
    {
        "start": 10.449915110356537,
        "end": 11.36672325976231,
        "speaker": "SPEAKER_00",
        "text": ""
    },
    {
        "start": 12.877758913412565,
        "end": 13.896434634974534,
        "speaker": "SPEAKER_00",
        "text": "لفص المت"
    },
    {
        "start": 13.896434634974534,
        "end": 14.439728353140918,
        "speaker": "SPEAKER_02",
        "text": ""
    },
    {
        "start": 15.35653650254669,
        "end": 15.882852292020374,
        "speaker": "SPEAKER_02",
        "text": ""
    },
    {
        "start": 15.882852292020374,
        "end": 16.001697792869273,
        "speaker": "SPEAKER_01",
        "text": ""
    },
    {
        "start": 16.001697792869273,
        "end": 16.35823429541596,
        "speaker": "SPEAKER_02",
        "text": ""
    },
    {
        "start": 16.01867572156197,
        "end": 16.273344651952463,
        "speaker": "SPEAKER_01",
        "text": ""
    },
    {
        "start": 16.35823429541596,
        "end": 16.392190152801362,
        "speaker": "SPEAKER_01",
        "text": ""
    },
    {
        "start": 16.392190152801362,
        "end": 16.426146010186756,
        "speaker": "SPEAKER_02",
        "text": ""
    },
    {
        "start": 17.03735144312394,
        "end": 27.003395585738538,
        "speaker": "SPEAKER_00",
        "text": "مسلسل جميل جدا بدعوكم منكم تتفرجوا عليه شكرا لكم شكرا لحاله خاصه شكرا لكم كلكم للكاتب للمخرجيط"
    },
    {
        "start": 21.740237691001695,
        "end": 22.33446519524618,
        "speaker": "SPEAKER_02",
        "text": "حاله ا"
    }
]