[
    {
        "start": 0.008488964346349746,
        "end": 4.33786078098472,
        "speaker": "SPEAKER_01",
        "text": "مر حاجه وخلاص  هو ومش فاهم كو بتاع همش فاهم بقى"
    },
    {
        "start": 4.422750424448218,
        "end": 7.258064516129032,
        "speaker": "SPEAKER_01",
        "text": "بدي جامد دقى هو ش شاه"
    },
    {
        "start": 6.4770797962648565,
        "end": 15.67911714770798,
        "speaker": "SPEAKER_00",
        "text": "م بنت في حاجه كده فينا  ماقدرتش اكرهك يعني م قدرتش حش النقك شرمير اوفاسد بجد يعني صري"
    },
    {
        "start": 15.118845500848897,
        "end": 24.286926994906622,
        "speaker": "SPEAKER_01",
        "text": "عايز برده عنده سبب ان هو يعمل كده هو غلبان ومش لاقي ياكل ولا ايحت ه ي بت فيراجرد عشان كده هيروح يتنطط عليه"
    },
    {
        "start": 15.67911714770798,
        "end": 15.69609507640068,
        "speaker": "SPEAKER_02",
        "text": ""
    },
    {
        "start": 15.69609507640068,
        "end": 15.747028862478778,
        "speaker": "SPEAKER_00",
        "text": ""
    },
    {
        "start": 15.747028862478778,
        "end": 15.848896434634975,
        "speaker": "SPEAKER_02",
        "text": ""
    },
    {
        "start": 15.848896434634975,
        "end": 16.001697792869273,
        "speaker": "SPEAKER_00",
        "text": ""
    },
    {
        "start": 16.001697792869273,
        "end": 16.426146010186756,
        "speaker": "SPEAKER_02",
        "text": ""
    },
    {
        "start": 16.426146010186756,
        "end": 16.511035653650254,
        "speaker": "SPEAKER_00",
        "text": ""
    },
    {
        "start": 16.511035653650254,
        "end": 16.544991511035654,
        "speaker": "SPEAKER_02",
        "text": ""
    },
    {
        "start": 18.955857385398986,
        "end": 19.278438030560274,
        "speaker": "SPEAKER_00",
        "text": ""
    },
    {
        "start": 20.67062818336163,
        "end": 21.04414261460102,
        "speaker": "SPEAKER_00",
        "text": ""
    },
    {
        "start": 25.0,
        "end": 29.006791171477083,
        "speaker": "SPEAKER_01",
        "text": "يقعد بعها في البيت وهو ز في البيت عايز يحبه برده فبيقول"
    }
]