[
    {
        "start": 0.008488964346349746,
        "end": 8.089983022071308,
        "speaker": "SPEAKER_01",
        "text": "لمهندس عبد الله السولاني من عشق الزمن الجميل واغاني الزمن الجميل صالونات الاغاني القديمه تمي بناته فايزه"
    },
    {
        "start": 8.395585738539898,
        "end": 11.04414261460102,
        "speaker": "SPEAKER_01",
        "text": "وشديه ون جت واما كل ثوم"
    },
    {
        "start": 11.213921901528014,
        "end": 36.71477079796265,
        "speaker": "SPEAKER_01",
        "text": "احناالمسافره الفنانا ايمي لكنبيت البلاستيك موجودين معنا نوها برحب بك معنا بو اشي مو حمهاد يني كل متوقع مستقبل اباهر جدا وضح اصل الن امشهد حتك مشسه بلهم انا اتاثرت بجدا  واليه اح م عامله ونرا"
    },
    {
        "start": 11.519524617996606,
        "end": 11.553480475382004,
        "speaker": "SPEAKER_00",
        "text": ""
    },
    {
        "start": 20.61969439728353,
        "end": 21.825127334465193,
        "speaker": "SPEAKER_00",
        "text": "دي قوي"
    },
    {
        "start": 25.27164685908319,
        "end": 26.05263157894737,
        "speaker": "SPEAKER_00",
        "text": "د"
    },
    {
        "start": 29.09168081494058,
        "end": 31.383701188455007,
        "speaker": "SPEAKER_00",
        "text": ""
    },
    {
        "start": 31.977928692699493,
        "end": 32.04584040747029,
        "speaker": "SPEAKER_00",
        "text": ""
    },
    {
        "start": 34.84719864176571,
        "end": 34.898132427843805,
        "speaker": "SPEAKER_00",
        "text": ""
    },
    {
        "start": 34.9151103565365,
        "end": 34.9320882852292,
        "speaker": "SPEAKER_00",
        "text": ""
    },
    {
        "start": 35.288624787775895,
        "end": 35.47538200339559,
        "speaker": "SPEAKER_00",
        "text": ""
    },
    {
        "start": 35.86587436332768,
        "end": 35.98471986417657,
        "speaker": "SPEAKER_00",
        "text": ""
    },
    {
        "start": 36.73174872665535,
        "end": 40.85738539898132,
        "speaker": "SPEAKER_01",
        "text": "وضحن شول  شف نه فيل المسلسل في اكثر منها في الحقيقق "
    },
    {
        "start": 39.855687606112056,
        "end": 41.57045840407471,
        "speaker": "SPEAKER_00",
        "text": ""
    },
    {
        "start": 41.7062818336163,
        "end": 44.67741935483871,
        "speaker": "SPEAKER_01",
        "text": "شبتتصن"
    },
    {
        "start": 43.964346349745334,
        "end": 45.254668930390494,
        "speaker": "SPEAKER_00",
        "text": ""
    },
    {
        "start": 45.797962648556876,
        "end": 50.874363327674025,
        "speaker": "SPEAKER_01",
        "text": "ي اخينا ررحه بكمانبيقولش بدل ا ا بدورنجات اشامالار نا عامله اي"
    },
    {
        "start": 51.99490662139219,
        "end": 52.14770797962649,
        "speaker": "SPEAKER_01",
        "text": ""
    },
    {
        "start": 53.94736842105263,
        "end": 54.33786078098472,
        "speaker": "SPEAKER_01",
        "text": ""
    },
    {
        "start": 54.33786078098472,
        "end": 59.14261460101868,
        "speaker": "SPEAKER_00",
        "text": "كلت بردس عمل جدا"
    },
    {
        "start": 59.88964346349746,
        "end": 60.483870967741936,
        "speaker": "SPEAKER_00",
        "text": "ز"
    },
    {
        "start": 60.874363327674025,
        "end": 64.23599320882852,
        "speaker": "SPEAKER_00",
        "text": "هطنا نطظها منهلحمه ن"
    },
    {
        "start": 60.95925297113752,
        "end": 61.40067911714771,
        "speaker": "SPEAKER_01",
        "text": ""
    },
    {
        "start": 62.50424448217318,
        "end": 74.84719864176571,
        "speaker": "SPEAKER_01",
        "text": "الحمدل له الحمدله قولي على المسلسل والاسره لسه كنت باقول لهم انا حاسس ان انا مش قاعد مع شخصياتهم الحقيقيه هم لسه جوهالمسلسل احكي لي على كواليس"
    },
    {
        "start": 72.50424448217316,
        "end": 73.65874363327674,
        "speaker": "SPEAKER_00",
        "text": "رور احكثيي "
    },
    {
        "start": 75.0848896434635,
        "end": 87.00339558573853,
        "speaker": "SPEAKER_01",
        "text": "ايه يعنيحقيقي بجد مش كلام اللي هو كده بقى عشان احنا قعدين مع بعض حقيقي كانت من احلى الكواليس اللي ممكن حد يعيش في حياته نحنا قضينا مع بعض وقتكبير قوي ومن اول"
    }
]