[
    {
        "start": 0.008488964346349746,
        "end": 0.9422750424448219,
        "speaker": "SPEAKER_01",
        "text": ""
    },
    {
        "start": 3.0984719864176573,
        "end": 3.8285229202037354,
        "speaker": "SPEAKER_01",
        "text": ""
    },
    {
        "start": 5.611205432937181,
        "end": 7.750424448217318,
        "speaker": "SPEAKER_01",
        "text": "عبهب"
    },
    {
        "start": 9.108658743633278,
        "end": 9.940577249575552,
        "speaker": "SPEAKER_00",
        "text": ""
    },
    {
        "start": 12.640067911714771,
        "end": 14.67741935483871,
        "speaker": "SPEAKER_00",
        "text": "تيبتسه"
    },
    {
        "start": 14.830220713073006,
        "end": 16.969439728353144,
        "speaker": "SPEAKER_00",
        "text": "معلسر حجشاحل"
    },
    {
        "start": 17.03735144312394,
        "end": 17.988115449915114,
        "speaker": "SPEAKER_02",
        "text": "سعل"
    },
    {
        "start": 17.988115449915114,
        "end": 21.179966044142617,
        "speaker": "SPEAKER_00",
        "text": "يا عمل خل كتاموحد"
    },
    {
        "start": 26.01867572156197,
        "end": 28.00509337860781,
        "speaker": "SPEAKER_00",
        "text": "ي"
    }
]