[
    {
        "start": 0.008488964346349746,
        "end": 0.8064516129032258,
        "speaker": "SPEAKER_01",
        "text": "ده جدا"
    },
    {
        "start": 1.0950764006791172,
        "end": 3.166383701188455,
        "speaker": "SPEAKER_01",
        "text": "بالمجتمع ويا رب دائما نبقى"
    },
    {
        "start": 3.6247877758913414,
        "end": 5.32258064516129,
        "speaker": "SPEAKER_01",
        "text": "كلن"
    },
    {
        "start": 5.747028862478778,
        "end": 9.584040747028864,
        "speaker": "SPEAKER_01",
        "text": "ؤد المسؤوليه ذ قدام الناس قدام اللع"
    },
    {
        "start": 8.565365025466894,
        "end": 9.414261460101867,
        "speaker": "SPEAKER_00",
        "text": ""
    },
    {
        "start": 9.431239388794568,
        "end": 9.482173174872667,
        "speaker": "SPEAKER_00",
        "text": ""
    },
    {
        "start": 9.872665534804755,
        "end": 12.266553480475382,
        "speaker": "SPEAKER_00",
        "text": "جدا بريتانيمو لك ل ي مبو"
    },
    {
        "start": 12.72495755517827,
        "end": 20.331069609507644,
        "speaker": "SPEAKER_00",
        "text": "هدوح دلوقت نشوفف الكواليس بعد الكواليس مسلسل ابو العروسهوبعدين نرجع كمل مع"
    },
    {
        "start": 21.7911714770798,
        "end": 24.320882852292023,
        "speaker": "SPEAKER_03",
        "text": ""
    },
    {
        "start": 25.611205432937183,
        "end": 29.346349745331068,
        "speaker": "SPEAKER_03",
        "text": ""
    },
    {
        "start": 31.12903225806452,
        "end": 36.27334465195246,
        "speaker": "SPEAKER_03",
        "text": ""
    },
    {
        "start": 37.835314091680814,
        "end": 41.99490662139219,
        "speaker": "SPEAKER_03",
        "text": ""
    },
    {
        "start": 41.621392190152804,
        "end": 41.723259762309,
        "speaker": "SPEAKER_00",
        "text": ""
    },
    {
        "start": 43.93039049235993,
        "end": 45.57724957555178,
        "speaker": "SPEAKER_03",
        "text": ""
    },
    {
        "start": 46.307300509337864,
        "end": 46.37521222410866,
        "speaker": "SPEAKER_03",
        "text": ""
    },
    {
        "start": 47.716468590831916,
        "end": 48.2937181663837,
        "speaker": "SPEAKER_03",
        "text": ""
    },
    {
        "start": 53.99830220713073,
        "end": 54.32088285229202,
        "speaker": "SPEAKER_03",
        "text": ""
    },
    {
        "start": 56.120543293718164,
        "end": 57.35993208828523,
        "speaker": "SPEAKER_01",
        "text": ""
    },
    {
        "start": 57.46179966044143,
        "end": 58.921901528013585,
        "speaker": "SPEAKER_01",
        "text": "في"
    },
    {
        "start": 59.550084889643465,
        "end": 64.45670628183362,
        "speaker": "SPEAKER_01",
        "text": "تد  تا"
    },
    {
        "start": 66.51103565365025,
        "end": 70.21222410865875,
        "speaker": "SPEAKER_01",
        "text": ""
    },
    {
        "start": 70.85738539898134,
        "end": 71.19694397283533,
        "speaker": "SPEAKER_01",
        "text": ""
    },
    {
        "start": 71.383701188455,
        "end": 78.65025466893039,
        "speaker": "SPEAKER_02",
        "text": "ف او "
    },
    {
        "start": 80.65365025466892,
        "end": 81.57045840407471,
        "speaker": "SPEAKER_01",
        "text": ""
    },
    {
        "start": 81.9949066213922,
        "end": 86.27334465195247,
        "speaker": "SPEAKER_01",
        "text": "د ب "
    },
    {
        "start": 87.42784380305602,
        "end": 95.81494057724959,
        "speaker": "SPEAKER_01",
        "text": "نا زياشااا رينلي لبيا ل"
    },
    {
        "start": 98.616298811545,
        "end": 99.65195246179965,
        "speaker": "SPEAKER_01",
        "text": "د"
    },
    {
        "start": 100.09337860780985,
        "end": 100.87436332767402,
        "speaker": "SPEAKER_01",
        "text": ""
    }
]