[
    {
        "start": 0.008488964346349746,
        "end": 2.062818336162988,
        "speaker": "SPEAKER_00",
        "text": "جين من كذا"
    },
    {
        "start": 2.5212224108658745,
        "end": 7.614601018675723,
        "speaker": "SPEAKER_00",
        "text": "قبل ما نقرا المشهد فكن ساعات كثير منركن الورق وبيقول لي معنا الكلام"
    },
    {
        "start": 7.66553480475382,
        "end": 8.191850594227505,
        "speaker": "SPEAKER_01",
        "text": ""
    },
    {
        "start": 7.733446519524618,
        "end": 7.750424448217318,
        "speaker": "SPEAKER_00",
        "text": ""
    },
    {
        "start": 7.852292020373515,
        "end": 9.991511035653652,
        "speaker": "SPEAKER_00",
        "text": "يمكن ا ل خلهتالقائيه قوين"
    }
]