[
    {
        "start": 0.008488964346349746,
        "end": 5.577249575551782,
        "speaker": "SPEAKER_02",
        "text": "يم ابوسريع بردهافتته تتخرج من الشخصيه ولا لسه شخصيه م"
    },
    {
        "start": 5.848896434634975,
        "end": 9.108658743633278,
        "speaker": "SPEAKER_00",
        "text": "واللهممكن يبقى في شيته د اخذه"
    },
    {
        "start": 8.3276740237691,
        "end": 13.913412563667233,
        "speaker": "SPEAKER_02",
        "text": "مح يعن غير كده كنتهدي مثلا اصلا "
    },
    {
        "start": 13.573853989813244,
        "end": 16.460101867572156,
        "speaker": "SPEAKER_00",
        "text": "ا ش هاجيه خالصش ايده عشان الاضواء"
    },
    {
        "start": 14.643463497453311,
        "end": 15.526315789473685,
        "speaker": "SPEAKER_02",
        "text": "ش ا"
    },
    {
        "start": 18.259762308998305,
        "end": 19.26146010186757,
        "speaker": "SPEAKER_00",
        "text": ""
    },
    {
        "start": 19.770797962648558,
        "end": 28.837011884550087,
        "speaker": "SPEAKER_00",
        "text": "ل هو يعني عايز اشكر الاول في اللي ساعدني في  ناس كثير جدا الصراحه اول استاذ طارق اخذنا"
    },
    {
        "start": 29.125636672325975,
        "end": 31.859083191850594,
        "speaker": "SPEAKER_00",
        "text": "جمعيه ااذ ادا"
    },
    {
        "start": 31.468590831918505,
        "end": 32.31748726655348,
        "speaker": "SPEAKER_01",
        "text": "ده لسلما"
    },
    {
        "start": 32.26655348047538,
        "end": 35.54329371816638,
        "speaker": "SPEAKER_00",
        "text": "ا دكتوره بليا سليمان عدتن مع حجات كثير جدا"
    },
    {
        "start": 36.40916808149406,
        "end": 39.00679117147708,
        "speaker": "SPEAKER_00",
        "text": "من ضمنهم كان عبند الله اشرف"
    }
]