[
    {
        "start": 0.008488964346349746,
        "end": 5.254668930390492,
        "speaker": "SPEAKER_01",
        "text": "ليها ونشوفف عز المحاميو حسا قا"
    },
    {
        "start": 7.224108658743633,
        "end": 8.089983022071308,
        "speaker": "SPEAKER_00",
        "text": "اقول لك على"
    },
    {
        "start": 8.870967741935484,
        "end": 9.872665534804755,
        "speaker": "SPEAKER_00",
        "text": "عارفي ي انت"
    },
    {
        "start": 10.093378607809848,
        "end": 12.640067911714771,
        "speaker": "SPEAKER_00",
        "text": "اكثر واحد باحب وبزفي المكت بدك"
    }
]