[
    {
        "start": 0.008488964346349746,
        "end": 5.067911714770798,
        "speaker": "SPEAKER_00",
        "text": "يش تفاصيلهافي المسلسل واقكيد النبضه يعني وصللكم من ددود الفع"
    },
    {
        "start": 5.237691001697794,
        "end": 5.6281833616298815,
        "speaker": "SPEAKER_03",
        "text": ""
    },
    {
        "start": 5.6281833616298815,
        "end": 5.730050933786078,
        "speaker": "SPEAKER_00",
        "text": ""
    },
    {
        "start": 7.105263157894736,
        "end": 10.33106960950764,
        "speaker": "SPEAKER_03",
        "text": "خالد كمول و"
    },
    {
        "start": 9.482173174872667,
        "end": 9.991511035653652,
        "speaker": "SPEAKER_00",
        "text": ""
    },
    {
        "start": 9.991511035653652,
        "end": 11.129032258064518,
        "speaker": "SPEAKER_02",
        "text": ""
    },
    {
        "start": 11.910016977928693,
        "end": 15.882852292020374,
        "speaker": "SPEAKER_02",
        "text": "حم حاجه في الموضوع ده في الموضوع بت اعمل  ان احنا"
    },
    {
        "start": 16.64685908319185,
        "end": 16.79966044142615,
        "speaker": "SPEAKER_02",
        "text": ""
    },
    {
        "start": 17.716468590831923,
        "end": 23.35314091680815,
        "speaker": "SPEAKER_02",
        "text": "تكلمنا قبلها ف سنتين ونصفسنتونصف بيا عمر امشل"
    },
    {
        "start": 20.959252971137524,
        "end": 21.7572156196944,
        "speaker": "SPEAKER_01",
        "text": ""
    },
    {
        "start": 22.181663837011882,
        "end": 22.317487266553485,
        "speaker": "SPEAKER_01",
        "text": ""
    },
    {
        "start": 23.40407470288625,
        "end": 24.660441426146015,
        "speaker": "SPEAKER_02",
        "text": "بس هو يعني"
    },
    {
        "start": 25.62818336162988,
        "end": 29.99151103565365,
        "speaker": "SPEAKER_02",
        "text": "قولي ده في تو حجمفي المدى بتا كل حاج"
    }
]