[
    {
        "start": 0.008488964346349746,
        "end": 23.098471986417657,
        "speaker": "SPEAKER_02",
        "text": "لق ب اسماعيل ياسين يبهجنا يمتعنا يستعيد ذكريات جميله و كماني خلينا نتطلع لامام ليه لن انا نتعلم منهذه الرموز الفنيه ما بتموتش ابدا بنعيش علىالتراث الفني الجميل يعني"
    },
    {
        "start": 24.269949066213925,
        "end": 27.07130730050934,
        "speaker": "SPEAKER_02",
        "text": "بتحاولتشوفتتفيدين يعي هن"
    },
    {
        "start": 27.512733446519526,
        "end": 29.006791171477083,
        "speaker": "SPEAKER_02",
        "text": "ن كيم"
    },
    {
        "start": 29.074702886247877,
        "end": 30.840407470288625,
        "speaker": "SPEAKER_02",
        "text": "جدك على الشاش"
    },
    {
        "start": 31.468590831918505,
        "end": 32.84380305602716,
        "speaker": "SPEAKER_02",
        "text": ""
    },
    {
        "start": 33.33616298811545,
        "end": 46.816638370118845,
        "speaker": "SPEAKER_02",
        "text": "يعني بيبقى جبنا ويمتعنا يعني بتحاولي تشوفي تقولي لما القططحجه من اسماعيل ياسين لما اسفيد حج مننهذا التريخ الناص"
    },
    {
        "start": 47.61460101867572,
        "end": 48.51443123938879,
        "speaker": "SPEAKER_03",
        "text": ""
    },
    {
        "start": 49.00679117147708,
        "end": 57.30899830220713,
        "speaker": "SPEAKER_03",
        "text": "طبعا احنا واحنا صغيرين بابا كان على طول يفرجنا على لافلام حتى كان في فيلم ماما بتعيط كثير الليهو اسماعيل ياسين في الجيش"
    },
    {
        "start": 53.33616298811545,
        "end": 53.91341256366724,
        "speaker": "SPEAKER_01",
        "text": ""
    },
    {
        "start": 57.39388794567063,
        "end": 57.41086587436333,
        "speaker": "SPEAKER_03",
        "text": ""
    },
    {
        "start": 57.41086587436333,
        "end": 57.78438030560272,
        "speaker": "SPEAKER_01",
        "text": ""
    },
    {
        "start": 57.42784380305603,
        "end": 57.49575551782683,
        "speaker": "SPEAKER_03",
        "text": ""
    },
    {
        "start": 57.78438030560272,
        "end": 66.88455008488964,
        "speaker": "SPEAKER_03",
        "text": "هو جابهووكان حريف جدا اني احنا نتفرج على افلام وا وكان بيكلمني على هو في الشغل عامل ازاي"
    },
    {
        "start": 57.81833616298812,
        "end": 57.835314091680814,
        "speaker": "SPEAKER_01",
        "text": ""
    },
    {
        "start": 63.50594227504244,
        "end": 63.77758913412564,
        "speaker": "SPEAKER_01",
        "text": ""
    },
    {
        "start": 66.96943972835314,
        "end": 88.42954159592529,
        "speaker": "SPEAKER_03",
        "text": "يعني كان بيقول لنا ان هو كان منضبط جدا ببالمواعيد مالتزم اهوس شخصيه في الحقيقه جدته مثقف تحب القراءه الحاجات اللي كنت لما بتفرج على اسماعيل ياسين باخذها او مراكز فيها كانت ساعته فحياتك كده في ز"
    },
    {
        "start": 89.10865874363327,
        "end": 92.40237691001698,
        "speaker": "SPEAKER_02",
        "text": "في اذهك اع انت كده بطنالاطف"
    },
    {
        "start": 90.31409168081495,
        "end": 90.80645161290323,
        "speaker": "SPEAKER_03",
        "text": ""
    },
    {
        "start": 92.40237691001698,
        "end": 94.26994906621391,
        "speaker": "SPEAKER_03",
        "text": "ف كان يقول مثللا حاجات"
    },
    {
        "start": 94.830220713073,
        "end": 109.26146010186758,
        "speaker": "SPEAKER_03",
        "text": "فعلا انا الفيلم انا مش قادره افتكر اسمشمب بتاعكس قضيه ته كان فيم ولواسماعيل ياسي ايوه العق والمال الفيم ده فيه كم افهات"
    },
    {
        "start": 98.4125636672326,
        "end": 98.85398981324278,
        "speaker": "SPEAKER_02",
        "text": ""
    },
    {
        "start": 99.21052631578948,
        "end": 101.21392190152801,
        "speaker": "SPEAKER_02",
        "text": "شتي"
    },
    {
        "start": 106.17147707979626,
        "end": 107.58064516129033,
        "speaker": "SPEAKER_02",
        "text": "واال"
    },
    {
        "start": 107.58064516129033,
        "end": 107.59762308998302,
        "speaker": "SPEAKER_00",
        "text": ""
    },
    {
        "start": 109.85568760611207,
        "end": 118.9728353140917,
        "speaker": "SPEAKER_03",
        "text": "هم بيتكلموا على عصر قديم جدا بسحاجات وقتهمافهت بترلتم في افلام دلوقتيع"
    },
    {
        "start": 114.89813242784382,
        "end": 115.40747028862478,
        "speaker": "SPEAKER_02",
        "text": ""
    },
    {
        "start": 117.64855687606112,
        "end": 120.09337860780985,
        "speaker": "SPEAKER_02",
        "text": "ريعنيث جتعلى الوقعي"
    },
    {
        "start": 120.02546689303907,
        "end": 159.75382003395586,
        "speaker": "SPEAKER_03",
        "text": "ف  الافيهات اللي هو كان بيقولا كاتفيهات ذكيه يعني في ناس نس تطلع تقول اسماعيل ياسين بتاع حركات باقه حركات زي مهرجان لا ال يركز هيلا انفي كثير فاذا كا وكان بيقول ان هوكان مثقف وولويما كتبته في الصور بتاعت بيته  كان عنده مكتبه كبيره جدا وكان بيحب الكتابه جدا فدابل بين انفي موعد ثاني للشخصيه احنا كنا محظوظين ان احنا سمعنا عنها من بابا وعرفنا البعد الثاني ما شخصيه اشمايل ياسين وعلى اساس وحياته مشيت ازاي"
    },
    {
        "start": 133.84550084889645,
        "end": 133.89643463497455,
        "speaker": "SPEAKER_00",
        "text": ""
    },
    {
        "start": 133.89643463497455,
        "end": 133.99830220713073,
        "speaker": "SPEAKER_01",
        "text": ""
    },
    {
        "start": 133.99830220713073,
        "end": 134.04923599320884,
        "speaker": "SPEAKER_00",
        "text": ""
    },
    {
        "start": 134.04923599320884,
        "end": 134.10016977928694,
        "speaker": "SPEAKER_01",
        "text": ""
    },
    {
        "start": 134.10016977928694,
        "end": 134.30390492359933,
        "speaker": "SPEAKER_00",
        "text": ""
    },
    {
        "start": 159.99151103565367,
        "end": 162.18166383701188,
        "speaker": "SPEAKER_03",
        "text": "حياتهوازاي نتفيهاللي"
    },
    {
        "start": 160.56876061120545,
        "end": 161.14601018675722,
        "speaker": "SPEAKER_02",
        "text": ""
    },
    {
        "start": 161.7741935483871,
        "end": 169.2275042444822,
        "speaker": "SPEAKER_02",
        "text": "ل هوبعض الفقافي دللبعض يعفقد انه يعني ممثل كوميني لكن شعلا اسماعيل ياسين لا"
    },
    {
        "start": 169.60101867572158,
        "end": 175.0169779286927,
        "speaker": "SPEAKER_02",
        "text": "نت انت جبت الجداد اللي و كااشري بالثقافه في ازي"
    },
    {
        "start": 174.49066213921904,
        "end": 184.35483870967744,
        "speaker": "SPEAKER_03",
        "text": "ولالمسئوليه ففبني دم عنده مسئوليه يعني من ضمنا الي مثلا في الاخر اشتغل ثاني ونولوجست"
    },
    {
        "start": 184.47368421052633,
        "end": 190.90831918505944,
        "speaker": "SPEAKER_03",
        "text": "لانه كان عنده اسره وكان عنده في شي بيوتها نفتحها وكان"
    },
    {
        "start": 189.2275042444822,
        "end": 192.70797962648558,
        "speaker": "SPEAKER_02",
        "text": "عنيي الكمرت "
    },
    {
        "start": 192.01188455008491,
        "end": 196.69779286926996,
        "speaker": "SPEAKER_03",
        "text": "نلوعجسط ارجعت عيني لان كان في عنده مسئوليه "
    },
    {
        "start": 193.20033955857386,
        "end": 193.98132427843805,
        "speaker": "SPEAKER_02",
        "text": "ج"
    },
    {
        "start": 196.05263157894737,
        "end": 200.70458404074705,
        "speaker": "SPEAKER_02",
        "text": "ما يقعدش في العمل المدني هنا يقول لما اشتغل يعني"
    },
    {
        "start": 200.75551782682513,
        "end": 202.60611205432937,
        "speaker": "SPEAKER_03",
        "text": "هوهو ديسناعته"
    },
    {
        "start": 202.79286926994908,
        "end": 204.62648556876061,
        "speaker": "SPEAKER_03",
        "text": "جي اللي يعرفهاتقولليه علن"
    },
    {
        "start": 204.33786078098473,
        "end": 216.29032258064518,
        "speaker": "SPEAKER_02",
        "text": "مم همياس م لش الحده الن ك كان قصيه على اسماعيل ياسين المشتغل فى الكباريهات تمني بستاني بعد مصنع هذ الكوكبوت"
    },
    {
        "start": 215.6112054329372,
        "end": 217.88624787775893,
        "speaker": "SPEAKER_01",
        "text": "كناسى عليهنفسيا"
    },
    {
        "start": 218.2427843803056,
        "end": 235.3056027164686,
        "speaker": "SPEAKER_01",
        "text": "ل اسماعيل ياسين نفسه فاعيد حره شا ان هو يرجع ثانييقول وكك لكن كان هو كان لازم يشتغل لازم الحياه تستمر عنده ولد حاطت له شكل معين انهو يربيه به"
    },
    {
        "start": 235.6281833616299,
        "end": 241.07809847198644,
        "speaker": "SPEAKER_01",
        "text": "في نس مسؤوله ضي حياته منه فكان لازم شتغل"
    },
    {
        "start": 241.48556876061122,
        "end": 242.86078098471987,
        "speaker": "SPEAKER_01",
        "text": "ا انشين عيق ع"
    },
    {
        "start": 242.4193548387097,
        "end": 248.08998302207132,
        "speaker": "SPEAKER_02",
        "text": "ضي الباست لازم ت تعلم من الكلام ده"
    },
    {
        "start": 248.36162988115453,
        "end": 262.62308998302206,
        "speaker": "SPEAKER_02",
        "text": "والفنان فعلا لما تقعد تشوف ك الفنان اليبهجنا وانت عند معقولانهعنيه طرص لعمل في الكبريهاتت ويعمل ملوك ثاني بعد ما عمل هذه الافلام الارتبط باسمه"
    },
    {
        "start": 263.1494057724958,
        "end": 265.848896434635,
        "speaker": "SPEAKER_02",
        "text": "لكنضيف لبنان الصوره دي"
    },
    {
        "start": 266.4770797962649,
        "end": 267.49575551782686,
        "speaker": "SPEAKER_02",
        "text": "سرته"
    },
    {
        "start": 267.9541595925298,
        "end": 276.0016977928693,
        "speaker": "SPEAKER_03",
        "text": "بعبعسمالهموا وعلى يمينه طانط ميربت طط ميرفتدق بنت خالد بابا وتربط معهم وهي عل"
    },
    {
        "start": 269.05772495755514,
        "end": 269.60101867572155,
        "speaker": "SPEAKER_02",
        "text": ""
    },
    {
        "start": 275.81494057724956,
        "end": 276.23938879456705,
        "speaker": "SPEAKER_02",
        "text": ""
    },
    {
        "start": 276.23938879456705,
        "end": 277.00339558573853,
        "speaker": "SPEAKER_03",
        "text": "تم"
    },
    {
        "start": 277.00339558573853,
        "end": 290.36502546689303,
        "speaker": "SPEAKER_01",
        "text": "دهها سنبين ومارفش لبيرهوكلام من دمدكور للفنانن بيعملوا اعلانت فور عمل بسلسلت كمان س"
    },
    {
        "start": 278.7351443123939,
        "end": 280.4668930390493,
        "speaker": "SPEAKER_02",
        "text": "رل"
    },
    {
        "start": 281.74023769100177,
        "end": 283.2003395585739,
        "speaker": "SPEAKER_02",
        "text": "اات بيره"
    },
    {
        "start": 289.51612903225805,
        "end": 291.99490662139226,
        "speaker": "SPEAKER_02",
        "text": "هنن ك مر"
    },
    {
        "start": 291.99490662139226,
        "end": 300.82342954159594,
        "speaker": "SPEAKER_01",
        "text": "كل الممثلين بعد  ⁇ نالمصريين كلهم لبنانن اسماعين ياسيني"
    },
    {
        "start": 298.54838709677426,
        "end": 299.1086587436333,
        "speaker": "SPEAKER_02",
        "text": ""
    },
    {
        "start": 301.5025466893039,
        "end": 302.96264855687605,
        "speaker": "SPEAKER_01",
        "text": "شف"
    },
    {
        "start": 302.23259762309,
        "end": 302.2665534804754,
        "speaker": "SPEAKER_00",
        "text": ""
    },
    {
        "start": 302.2665534804754,
        "end": 302.70797962648555,
        "speaker": "SPEAKER_02",
        "text": ""
    },
    {
        "start": 304.2359932088285,
        "end": 310.39898132427845,
        "speaker": "SPEAKER_01",
        "text": "كلم بى بالنسبه للظروف السنن او النانين بتو الزمن الجميل"
    },
    {
        "start": 310.7555178268251,
        "end": 314.72835314091685,
        "speaker": "SPEAKER_01",
        "text": "نا بطلب الدوله نا لازم موضوعلالحقالاداء العالمي"
    },
    {
        "start": 315.52631578947376,
        "end": 317.597623089983,
        "speaker": "SPEAKER_02",
        "text": "وهيهنا بيقلد عبد الوهاب"
    },
    {
        "start": 315.5432937181664,
        "end": 316.188455008489,
        "speaker": "SPEAKER_01",
        "text": ""
    },
    {
        "start": 316.188455008489,
        "end": 316.3412563667233,
        "speaker": "SPEAKER_03",
        "text": ""
    },
    {
        "start": 317.1561969439729,
        "end": 317.4787775891341,
        "speaker": "SPEAKER_03",
        "text": "اوه"
    },
    {
        "start": 317.8692699490663,
        "end": 319.3633276740238,
        "speaker": "SPEAKER_03",
        "text": "يد اميا ابنه"
    },
    {
        "start": 319.5500848896435,
        "end": 320.0424448217318,
        "speaker": "SPEAKER_02",
        "text": ""
    },
    {
        "start": 320.0424448217318,
        "end": 332.2665534804754,
        "speaker": "SPEAKER_03",
        "text": "هو كان بيعمل دائماو ابنه الوحيد ودائما بيحبكم بيحتفل بعيد ميلاد بابا في بيته ويعمل لكبير وهو كان بيحب عبد الوهاب جب وكانفبدهاي حياته فاكر ان هيطلع ينفيس عبد الواح"
    },
    {
        "start": 321.11205432937186,
        "end": 321.53650254668935,
        "speaker": "SPEAKER_02",
        "text": "و"
    },
    {
        "start": 325.57724957555183,
        "end": 326.188455008489,
        "speaker": "SPEAKER_02",
        "text": "جبار"
    },
    {
        "start": 332.9286926994906,
        "end": 334.7962648556876,
        "speaker": "SPEAKER_02",
        "text": "دف د"
    },
    {
        "start": 333.0135823429541,
        "end": 333.5229202037351,
        "speaker": "SPEAKER_03",
        "text": ""
    },
    {
        "start": 333.6926994906621,
        "end": 339.5500848896435,
        "speaker": "SPEAKER_03",
        "text": "طههدد العدا"
    },
    {
        "start": 338.85398981324283,
        "end": 339.4991511035654,
        "speaker": "SPEAKER_02",
        "text": ""
    },
    {
        "start": 340.36502546689303,
        "end": 343.93039049235995,
        "speaker": "SPEAKER_02",
        "text": "ف كان بيغني يعن"
    },
    {
        "start": 343.3701188455009,
        "end": 343.38709677419354,
        "speaker": "SPEAKER_03",
        "text": ""
    },
    {
        "start": 343.38709677419354,
        "end": 346.9694397283531,
        "speaker": "SPEAKER_01",
        "text": "ت هو طالععف او اننيه لنا ايها"
    },
    {
        "start": 344.7792869269949,
        "end": 344.8471986417658,
        "speaker": "SPEAKER_03",
        "text": ""
    },
    {
        "start": 344.8471986417658,
        "end": 344.93208828522927,
        "speaker": "SPEAKER_02",
        "text": ""
    },
    {
        "start": 344.93208828522927,
        "end": 345.0,
        "speaker": "SPEAKER_03",
        "text": ""
    },
    {
        "start": 345.0,
        "end": 345.61120543293725,
        "speaker": "SPEAKER_02",
        "text": "هل"
    },
    {
        "start": 345.61120543293725,
        "end": 345.848896434635,
        "speaker": "SPEAKER_03",
        "text": ""
    },
    {
        "start": 347.5636672325976,
        "end": 350.7555178268251,
        "speaker": "SPEAKER_01",
        "text": "ن تعت التراب يد الوهات ف"
    },
    {
        "start": 347.6825127334465,
        "end": 348.25976230899835,
        "speaker": "SPEAKER_02",
        "text": ""
    },
    {
        "start": 349.31239388794575,
        "end": 350.2631578947369,
        "speaker": "SPEAKER_02",
        "text": "د الوهات"
    },
    {
        "start": 351.2648556876061,
        "end": 368.1578947368421,
        "speaker": "SPEAKER_02",
        "text": "رح فرهمكن يصبي ل ادء العيهم جداهل كنت مزعه هو محمد رمضان يعتذر بعد كده لما قال افلام اسماعيل ياسين اساءت للجندي المصر ي بس هو وضح واع"
    },
    {
        "start": 352.02886247877757,
        "end": 352.11375212224107,
        "speaker": "SPEAKER_01",
        "text": ""
    },
    {
        "start": 354.320882852292,
        "end": 355.47538200339557,
        "speaker": "SPEAKER_01",
        "text": "ي"
    },
    {
        "start": 366.7657045840408,
        "end": 367.4787775891341,
        "speaker": "SPEAKER_01",
        "text": ""
    },
    {
        "start": 368.1578947368421,
        "end": 372.33446519524625,
        "speaker": "SPEAKER_01",
        "text": "انا سبب يعني الموضوع ده انا بطالب"
    },
    {
        "start": 373.0305602716469,
        "end": 381.07809847198644,
        "speaker": "SPEAKER_01",
        "text": "سه لرئيس المتكرره و اسماعيل ياسين وخاصهفي عيد الفن ليه لاني اسماعيل ياسين"
    },
    {
        "start": 379.5840407470289,
        "end": 380.0764006791171,
        "speaker": "SPEAKER_02",
        "text": ""
    },
    {
        "start": 381.6383701188455,
        "end": 385.32258064516134,
        "speaker": "SPEAKER_01",
        "text": "السنان الوحيد اللي واقس مع الجيش المصري"
    },
    {
        "start": 385.4244482173175,
        "end": 404.0662139219015,
        "speaker": "SPEAKER_01",
        "text": "هولعم سسله الافلام اللي كان بسبب الفوره بتاعت  ⁇ ن كانوا عايزين الشعبيحب الجيش ويحب يت طوع ويحب ان هو يؤدي الجنديه ف ف اسماعيل ياسين عمل سسله افلام حبيبه شعب في"
    },
    {
        "start": 386.69779286926996,
        "end": 386.8845500848896,
        "speaker": "SPEAKER_02",
        "text": ""
    },
    {
        "start": 402.9456706281834,
        "end": 410.8404074702886,
        "speaker": "SPEAKER_02",
        "text": "فالنياس  عنياشعر انالجيش يع مل لاك وده كان في اعطاء الفكرت عبد الناصر"
    },
    {
        "start": 410.8404074702886,
        "end": 416.6468590831919,
        "speaker": "SPEAKER_01",
        "text": "ي وه كابياس كانقام رضياس نمرهنن ست ⁇ ن"
    },
    {
        "start": 410.85738539898136,
        "end": 411.1460101867573,
        "speaker": "SPEAKER_02",
        "text": "ي"
    },
    {
        "start": 411.70628183361634,
        "end": 412.1816638370119,
        "speaker": "SPEAKER_02",
        "text": ""
    },
    {
        "start": 413.8624787775891,
        "end": 414.1680814940578,
        "speaker": "SPEAKER_02",
        "text": ""
    },
    {
        "start": 416.8845500848896,
        "end": 425.509337860781,
        "speaker": "SPEAKER_01",
        "text": "ع ياسين اتبرع به  ⁇ نجنا للمجهود الحربي وع ⁇  جنيست ⁇ ن متال مبلغ كبير"
    },
    {
        "start": 426.35823429541597,
        "end": 449.85568760611204,
        "speaker": "SPEAKER_02",
        "text": "يعني هنا يعنيبافلام اسماعيل ياسين سسله الافلام حتتى اسماعيل يسن ف ايشاسماعيل ياسين في القسطول اسماعيل ياسين ز افلام المختلفه والمتنوعه لا يعني حببه الناس هذه المؤسسات اللي هي ممكن تكون الناس شويه معد شهر ⁇ "
    },
    {
        "start": 448.1409168081494,
        "end": 450.6196943972835,
        "speaker": "SPEAKER_01",
        "text": "مج"
    },
    {
        "start": 450.48387096774195,
        "end": 456.0016977928693,
        "speaker": "SPEAKER_02",
        "text": "ح ن مشاعروما بدخله من انه لحمود م يعني"
    },
    {
        "start": 456.0016977928693,
        "end": 463.64176570458403,
        "speaker": "SPEAKER_01",
        "text": "وحاه حهقيقيه ف انا الموضوع ان عدم تكرم اسماعيل ياسين شمجعني جدا تالدهاقلشيء"
    },
    {
        "start": 464.490662139219,
        "end": 469.3633276740238,
        "speaker": "SPEAKER_01",
        "text": "اي النهارد نهو يكرمكرم الدوله"
    },
    {
        "start": 469.5840407470289,
        "end": 469.65195246179974,
        "speaker": "SPEAKER_01",
        "text": ""
    },
    {
        "start": 469.63497453310697,
        "end": 481.57045840407477,
        "speaker": "SPEAKER_02",
        "text": "واسك نشوف حضرتك هيوصل وكمان حق الادا  يعني انتم بتتشوفه افلام اسماعيل يس كدهط سرته حتى تبقىحا تعيشوشعارف"
    },
    {
        "start": 469.7028862478778,
        "end": 471.36672325976235,
        "speaker": "SPEAKER_01",
        "text": "ال"
    },
    {
        "start": 479.56706281833624,
        "end": 491.1290322580645,
        "speaker": "SPEAKER_01",
        "text": "مشح عيش ومعارفه استاذ وائل مش احنا بس ده كل اكثرفنانين الزمن الجم في جمعيه بتاعت ابناء الزمن الجميل انا اعرف ناس منه"
    },
    {
        "start": 491.6723259762309,
        "end": 497.29202037351445,
        "speaker": "SPEAKER_01",
        "text": "الادا ال علني ده هيحي حاسسدعا سس امعيشته طبعا"
    },
    {
        "start": 492.4702886247878,
        "end": 492.8607809847199,
        "speaker": "SPEAKER_02",
        "text": ""
    },
    {
        "start": 492.8607809847199,
        "end": 492.87775891341255,
        "speaker": "SPEAKER_00",
        "text": ""
    },
    {
        "start": 497.29202037351445,
        "end": 518.9219015280137,
        "speaker": "SPEAKER_02",
        "text": "وما ينفعش يسيب ابناء الرموز الفنيه وعائلاتهم بهذا الشكل يعني ايه طيب سلمى لو عايزه تقولي تعلىي شمعنا كان نفسي لازم تقليدي مبهره لو انا كنت متخيل لوف صياغه فيمعان اسماعيل ياسين قصى حياته كان ياسين كان عامل ده وتعمل مصيد كما"
    },
    {
        "start": 507.8522920203735,
        "end": 508.1578947368421,
        "speaker": "SPEAKER_00",
        "text": ""
    },
    {
        "start": 510.7215619694398,
        "end": 510.94227504244486,
        "speaker": "SPEAKER_00",
        "text": ""
    },
    {
        "start": 517.427843803056,
        "end": 517.597623089983,
        "speaker": "SPEAKER_00",
        "text": ""
    },
    {
        "start": 517.597623089983,
        "end": 518.0050933786079,
        "speaker": "SPEAKER_01",
        "text": ""
    },
    {
        "start": 518.0050933786079,
        "end": 518.0899830220712,
        "speaker": "SPEAKER_00",
        "text": ""
    },
    {
        "start": 520.3820033955858,
        "end": 523.0984719864177,
        "speaker": "SPEAKER_02",
        "text": "ينتعملي حاجه فيه بمن اسين"
    },
    {
        "start": 524.6095076400679,
        "end": 526.3921901528013,
        "speaker": "SPEAKER_02",
        "text": "كو كعمل اسماعيل ياس"
    },
    {
        "start": 527.427843803056,
        "end": 528.955857385399,
        "speaker": "SPEAKER_04",
        "text": "عني"
    },
    {
        "start": 530.2461799660441,
        "end": 534.151103565365,
        "speaker": "SPEAKER_04",
        "text": "ففيحسو"
    },
    {
        "start": 535.1528013582342,
        "end": 536.239388794567,
        "speaker": "SPEAKER_04",
        "text": "ع اتكلم عنه"
    },
    {
        "start": 536.3073005093379,
        "end": 546.2224108658743,
        "speaker": "SPEAKER_02",
        "text": "سم تتحتفظ بالجمال انسوى تحتفظ بروح شماعيل ياسين بما فيها من جمال مبهر  وحبللحياه وبهجه "
    },
    {
        "start": 546.9524617996603,
        "end": 551.6213921901528,
        "speaker": "SPEAKER_02",
        "text": "لو عايز ولي حاجه في الي هي تتعلق ماسماعيل ياسي"
    },
    {
        "start": 551.6213921901528,
        "end": 554.0152801358233,
        "speaker": "SPEAKER_04",
        "text": "قولاللهالله يرحم"
    },
    {
        "start": 554.5246179966043,
        "end": 556.7996604414261,
        "speaker": "SPEAKER_04",
        "text": "دائما الكون بناحيه ذك"
    },
    {
        "start": 557.4787775891341,
        "end": 559.125636672326,
        "speaker": "SPEAKER_04",
        "text": "م"
    },
    {
        "start": 559.7707979626487,
        "end": 565.5602716468591,
        "speaker": "SPEAKER_04",
        "text": "لجيه لديم ما ينسعوش وجير جديد اللي ما يعرفوش يعرفه"
    },
    {
        "start": 565.7640067911714,
        "end": 567.0033955857386,
        "speaker": "SPEAKER_04",
        "text": "الناسي"
    },
    {
        "start": 567.0033955857386,
        "end": 568.2597623089982,
        "speaker": "SPEAKER_02",
        "text": "ا بتعل من اسماعيل ي"
    },
    {
        "start": 568.2597623089982,
        "end": 576.4601018675721,
        "speaker": "SPEAKER_04",
        "text": "وينهاي حطفينزان حس ناته الضحكه والليتسمه اللي حطه في وشوش  الناس ودائمايبقى منور شيف ن شال"
    },
    {
        "start": 568.276740237691,
        "end": 569.4142614601019,
        "speaker": "SPEAKER_02",
        "text": ""
    },
    {
        "start": 576.4601018675721,
        "end": 581.4006791171478,
        "speaker": "SPEAKER_02",
        "text": "ار مع كل ضحك بتحكا الناس كللبتسامه"
    },
    {
        "start": 581.553480475382,
        "end": 587.597623089983,
        "speaker": "SPEAKER_02",
        "text": "يعني  طبعا يصنع ابتسامه يصنع خيه كل دهيعود عليهفي"
    },
    {
        "start": 588.0050933786079,
        "end": 591.5704584040748,
        "speaker": "SPEAKER_02",
        "text": "طب ممين الي اقك نتقلد اسماعيل ياسيناومتن ما يجعش البي"
    },
    {
        "start": 594.320882852292,
        "end": 594.9320882852292,
        "speaker": "SPEAKER_02",
        "text": "ي"
    },
    {
        "start": 594.9320882852292,
        "end": 594.9490662139219,
        "speaker": "SPEAKER_04",
        "text": ""
    },
    {
        "start": 596.0016977928692,
        "end": 596.748726655348,
        "speaker": "SPEAKER_02",
        "text": "لص ك"
    },
    {
        "start": 597.597623089983,
        "end": 600.9932088285229,
        "speaker": "SPEAKER_02",
        "text": "حلهلدي م شاعر موم و"
    },
    {
        "start": 600.9932088285229,
        "end": 605.2037351443123,
        "speaker": "SPEAKER_04",
        "text": "يعني ف جوزي حاجتجي قدام"
    },
    {
        "start": 605.6451612903227,
        "end": 608.7011884550084,
        "speaker": "SPEAKER_04",
        "text": "ينت وريه"
    },
    {
        "start": 606.5959252971138,
        "end": 608.5823429541597,
        "speaker": "SPEAKER_02",
        "text": "ت ره"
    },
    {
        "start": 608.9219015280137,
        "end": 614.0831918505942,
        "speaker": "SPEAKER_04",
        "text": "عي لفيبو يعني ل لو لمحوني كده ي"
    },
    {
        "start": 609.685908319185,
        "end": 609.974533106961,
        "speaker": "SPEAKER_02",
        "text": ""
    },
    {
        "start": 614.320882852292,
        "end": 618.2597623089982,
        "speaker": "SPEAKER_02",
        "text": "ب ل اسماعيل ياسين حالد بس مااع مااعرفش "
    },
    {
        "start": 618.0560271646859,
        "end": 621.0950764006791,
        "speaker": "SPEAKER_04",
        "text": "ا ب ب بجد مش يا لوقتشع"
    },
    {
        "start": 622.1307300509338,
        "end": 623.7945670628183,
        "speaker": "SPEAKER_02",
        "text": "د خل قل دي سين"
    },
    {
        "start": 624.1171477079797,
        "end": 624.490662139219,
        "speaker": "SPEAKER_00",
        "text": ""
    },
    {
        "start": 626.409168081494,
        "end": 626.4940577249577,
        "speaker": "SPEAKER_00",
        "text": ""
    },
    {
        "start": 626.4940577249577,
        "end": 629.5500848896434,
        "speaker": "SPEAKER_02",
        "text": "بحب اسماعيل ياسين قو"
    },
    {
        "start": 630.1612903225807,
        "end": 630.5857385398981,
        "speaker": "SPEAKER_00",
        "text": ""
    },
    {
        "start": 630.53480475382,
        "end": 631.6044142614601,
        "speaker": "SPEAKER_02",
        "text": "تتشهفي الافلا"
    },
    {
        "start": 632.2495755517828,
        "end": 635.8828522920203,
        "speaker": "SPEAKER_00",
        "text": "لنا بتكون ساعاتت موشاعاتيعني"
    },
    {
        "start": 636.4261460101868,
        "end": 640.7555178268251,
        "speaker": "SPEAKER_00",
        "text": "لما شاننبيكون مش بيض حكقوي مش شورج عيدكن م شين"
    },
    {
        "start": 640.3310696095077,
        "end": 645.6960950764008,
        "speaker": "SPEAKER_02",
        "text": "يه بتف دالضح تسمانتينيات م ⁇ يات"
    },
    {
        "start": 646.69779286927,
        "end": 647.1222410865873,
        "speaker": "SPEAKER_02",
        "text": ""
    },
    {
        "start": 646.867572156197,
        "end": 647.0033955857386,
        "speaker": "SPEAKER_00",
        "text": ""
    },
    {
        "start": 648.9219015280137,
        "end": 650.8234295415959,
        "speaker": "SPEAKER_02",
        "text": "نفسكبايهس"
    },
    {
        "start": 651.4176570458403,
        "end": 652.0118845500849,
        "speaker": "SPEAKER_00",
        "text": ""
    },
    {
        "start": 652.8268251273344,
        "end": 661.9949066213921,
        "speaker": "SPEAKER_00",
        "text": "وانا باقول لها بسمه بطقول لي لازم تكوب ابتجيب شغله معها عشان ترف انا ف كون نابكوره بس لازم اجيبشلمش عارفشتغلو ل"
    },
    {
        "start": 660.5178268251273,
        "end": 664.9490662139219,
        "speaker": "SPEAKER_02",
        "text": "نحا  لا"
    },
    {
        "start": 662.2156196943972,
        "end": 663.9983022071308,
        "speaker": "SPEAKER_00",
        "text": "يل ل"
    },
    {
        "start": 663.9983022071308,
        "end": 664.5755517826826,
        "speaker": "SPEAKER_03",
        "text": ""
    },
    {
        "start": 664.5755517826826,
        "end": 664.6434634974532,
        "speaker": "SPEAKER_04",
        "text": ""
    },
    {
        "start": 664.6434634974532,
        "end": 664.7623089983022,
        "speaker": "SPEAKER_03",
        "text": ""
    },
    {
        "start": 664.7623089983022,
        "end": 665.0,
        "speaker": "SPEAKER_04",
        "text": ""
    },
    {
        "start": 665.0,
        "end": 665.169779286927,
        "speaker": "SPEAKER_03",
        "text": ""
    },
    {
        "start": 665.169779286927,
        "end": 665.2037351443123,
        "speaker": "SPEAKER_04",
        "text": ""
    },
    {
        "start": 665.2037351443123,
        "end": 666.9864176570459,
        "speaker": "SPEAKER_03",
        "text": "ه"
    },
    {
        "start": 665.2886247877759,
        "end": 666.188455008489,
        "speaker": "SPEAKER_04",
        "text": "كشوذ"
    },
    {
        "start": 666.578947368421,
        "end": 668.3106960950763,
        "speaker": "SPEAKER_02",
        "text": "عنييل"
    },
    {
        "start": 667.9881154499151,
        "end": 671.6383701188456,
        "speaker": "SPEAKER_03",
        "text": "نا لول قنالاعيكرهنشمن مسن"
    },
    {
        "start": 671.7911714770798,
        "end": 673.0645161290322,
        "speaker": "SPEAKER_03",
        "text": ""
    },
    {
        "start": 672.0458404074702,
        "end": 673.8285229202038,
        "speaker": "SPEAKER_02",
        "text": "اي"
    },
    {
        "start": 673.2852292020373,
        "end": 675.6960950764008,
        "speaker": "SPEAKER_03",
        "text": "علثيجه ثاي"
    },
    {
        "start": 674.7283531409169,
        "end": 675.1358234295417,
        "speaker": "SPEAKER_02",
        "text": ""
    },
    {
        "start": 676.409168081494,
        "end": 678.3276740237691,
        "speaker": "SPEAKER_02",
        "text": "عي ميماال س ن"
    },
    {
        "start": 677.4787775891341,
        "end": 681.2988115449916,
        "speaker": "SPEAKER_04",
        "text": "ثقورى ي انا شخصان راينق"
    },
    {
        "start": 681.6044142614601,
        "end": 695.4584040747029,
        "speaker": "SPEAKER_02",
        "text": "ي للعب كان ممكمحننخرقساهكويس كوره يعنيي رفد رفهب صاه عشان لازم اطلع عني اللي عايزه ثويه الناس"
    },
    {
        "start": 685.1867572156198,
        "end": 685.848896434635,
        "speaker": "SPEAKER_00",
        "text": ""
    },
    {
        "start": 685.848896434635,
        "end": 686.9524617996603,
        "speaker": "SPEAKER_04",
        "text": ""
    },
    {
        "start": 687.8183361629881,
        "end": 689.2275042444821,
        "speaker": "SPEAKER_01",
        "text": "ي"
    },
    {
        "start": 689.4991511035653,
        "end": 690.0594227504243,
        "speaker": "SPEAKER_01",
        "text": "لما"
    },
    {
        "start": 690.6876061120543,
        "end": 690.9932088285229,
        "speaker": "SPEAKER_01",
        "text": ""
    },
    {
        "start": 695.899830220713,
        "end": 701.3157894736842,
        "speaker": "SPEAKER_02",
        "text": "جومل عناسماعيل ياسين انت عنتيل قلتلك جوانبحتى مهمه فيل جوم اخيه"
    },
    {
        "start": 701.5025466893039,
        "end": 718.0050933786079,
        "speaker": "SPEAKER_03",
        "text": "نه اسماعيل ياسين بشس فنان هم شافوم فكل اليش فتكلتين تدويشوفوا اسماعيليه عشان لنا بشكل ثاني بفقيي كده في الافلام مع شويه لانهللاسف بدلوقشي ناسم تفرف"
    }
]