[
    {
        "start": 0.008488964346349746,
        "end": 0.22920203735144312,
        "speaker": "SPEAKER_00",
        "text": ""
    },
    {
        "start": 1.3157894736842106,
        "end": 4.558573853989813,
        "speaker": "SPEAKER_00",
        "text": "ي حاجات اوقات بيبقى  فيها حاجا بتج ع اللب شولت"
    },
    {
        "start": 4.558573853989813,
        "end": 4.7792869269949065,
        "speaker": "SPEAKER_01",
        "text": ""
    },
    {
        "start": 5.135823429541595,
        "end": 7.02037351443124,
        "speaker": "SPEAKER_00",
        "text": "يوين"
    }
]