[
    {
        "start": 0.008488964346349746,
        "end": 0.8743633276740239,
        "speaker": "SPEAKER_01",
        "text": "ماء الف"
    },
    {
        "start": 1.7741935483870968,
        "end": 3.99830220713073,
        "speaker": "SPEAKER_00",
        "text": ""
    },
    {
        "start": 3.0475382003395586,
        "end": 4.01528013582343,
        "speaker": "SPEAKER_01",
        "text": "لمرو او"
    },
    {
        "start": 4.01528013582343,
        "end": 4.049235993208828,
        "speaker": "SPEAKER_00",
        "text": ""
    },
    {
        "start": 4.049235993208828,
        "end": 4.100169779286928,
        "speaker": "SPEAKER_01",
        "text": ""
    },
    {
        "start": 4.100169779286928,
        "end": 4.1341256366723265,
        "speaker": "SPEAKER_00",
        "text": ""
    },
    {
        "start": 5.084889643463498,
        "end": 6.171477079796265,
        "speaker": "SPEAKER_00",
        "text": "اللا برت ت"
    },
    {
        "start": 6.171477079796265,
        "end": 9.176570458404075,
        "speaker": "SPEAKER_01",
        "text": "معيلل الاثال ونجوم المسلسل"
    },
    {
        "start": 6.205432937181664,
        "end": 6.782682512733446,
        "speaker": "SPEAKER_00",
        "text": "ع"
    },
    {
        "start": 9.991511035653652,
        "end": 11.247877758913413,
        "speaker": "SPEAKER_01",
        "text": "الهمب كم"
    },
    {
        "start": 12.113752122241088,
        "end": 17.34295415959253,
        "speaker": "SPEAKER_00",
        "text": "تحيات ل وتحيبه تي لك الاطنالعمل لموجدن لغارينيا س"
    },
    {
        "start": 17.46179966044143,
        "end": 20.212224108658745,
        "speaker": "SPEAKER_01",
        "text": "ات فيم  ا"
    },
    {
        "start": 20.85738539898133,
        "end": 21.6723259762309,
        "speaker": "SPEAKER_00",
        "text": "حييي"
    },
    {
        "start": 21.6723259762309,
        "end": 22.945670628183365,
        "speaker": "SPEAKER_01",
        "text": ""
    },
    {
        "start": 21.842105263157897,
        "end": 23.08149405772496,
        "speaker": "SPEAKER_00",
        "text": ""
    },
    {
        "start": 23.64176570458404,
        "end": 29.261460101867577,
        "speaker": "SPEAKER_00",
        "text": "نحت جو اادازح"
    },
    {
        "start": 27.818336162988118,
        "end": 29.533106960950768,
        "speaker": "SPEAKER_01",
        "text": "ح نم"
    },
    {
        "start": 30.19524617996605,
        "end": 30.212224108658745,
        "speaker": "SPEAKER_01",
        "text": ""
    },
    {
        "start": 30.212224108658745,
        "end": 34.898132427843805,
        "speaker": "SPEAKER_00",
        "text": ""
    },
    {
        "start": 30.34804753820034,
        "end": 38.71816638370119,
        "speaker": "SPEAKER_01",
        "text": "بحت"
    },
    {
        "start": 34.9151103565365,
        "end": 35.0,
        "speaker": "SPEAKER_00",
        "text": ""
    },
    {
        "start": 35.1188455008489,
        "end": 37.49575551782682,
        "speaker": "SPEAKER_00",
        "text": "مقط عولهبج"
    },
    {
        "start": 39.17657045840407,
        "end": 50.94227504244482,
        "speaker": "SPEAKER_01",
        "text": "وسغه يعني بعض الحات اللي ممكن تابقى شغر لمحترم قوي بس لسه المشاهده مش عليه في ل عب الحال يبقى علىا س بشاد عليه جدا بس الشغر في بعض حاجات في المحتوىم"
    },
    {
        "start": 51.04414261460102,
        "end": 55.2037351443124,
        "speaker": "SPEAKER_01",
        "text": "لانالمسلسل هقادريجمع بلحجت اه نزبه مشاهده مشاء الله عليه جدا"
    },
    {
        "start": 55.54329371816638,
        "end": 57.41086587436333,
        "speaker": "SPEAKER_01",
        "text": "لس الوقتصوغ ل محت"
    },
    {
        "start": 58.921901528013585,
        "end": 61.29881154499151,
        "speaker": "SPEAKER_00",
        "text": "هايل مان مص"
    },
    {
        "start": 60.70458404074703,
        "end": 61.6723259762309,
        "speaker": "SPEAKER_01",
        "text": "س"
    },
    {
        "start": 62.402376910016976,
        "end": 66.81663837011885,
        "speaker": "SPEAKER_01",
        "text": "ي م دا  اللعر ببسبىل"
    },
    {
        "start": 67.58064516129033,
        "end": 75.59422750424449,
        "speaker": "SPEAKER_00",
        "text": "النجاح الحمد للها لما  النلا يه عمل"
    },
    {
        "start": 67.66553480475383,
        "end": 68.56536502546689,
        "speaker": "SPEAKER_01",
        "text": ""
    },
    {
        "start": 76.34125636672326,
        "end": 83.04753820033957,
        "speaker": "SPEAKER_00",
        "text": "بيخلي بس فاكر حياجات كثير مختلف ازاي تعمليعمليبقى ناجح جما غيريا وفي نفس الوقت يحيى المرو"
    },
    {
        "start": 83.62478777589135,
        "end": 83.99830220713073,
        "speaker": "SPEAKER_00",
        "text": ""
    }
]