[
    {
        "start": 0.008488964346349746,
        "end": 0.7215619694397284,
        "speaker": "SPEAKER_02",
        "text": "تل"
    },
    {
        "start": 1.0780984719864177,
        "end": 1.5534804753820035,
        "speaker": "SPEAKER_02",
        "text": ""
    },
    {
        "start": 2.4872665534804757,
        "end": 6.239388794567063,
        "speaker": "SPEAKER_02",
        "text": "الاصو ذ حدته وكان ينبقى يقب مبدسعادهللنا"
    },
    {
        "start": 6.68081494057725,
        "end": 12.99660441426146,
        "speaker": "SPEAKER_02",
        "text": "ازا تهعمل حكايه على مدستين حلقه والناس عارفه انهيتها بس في الاخد يا طمظو مسجدي  ن الحلق"
    },
    {
        "start": 11.825127334465195,
        "end": 12.640067911714771,
        "speaker": "SPEAKER_01",
        "text": ""
    },
    {
        "start": 12.640067911714771,
        "end": 12.657045840407472,
        "speaker": "SPEAKER_00",
        "text": ""
    },
    {
        "start": 13.03056027164686,
        "end": 13.04753820033956,
        "speaker": "SPEAKER_00",
        "text": ""
    },
    {
        "start": 13.04753820033956,
        "end": 13.404074702886248,
        "speaker": "SPEAKER_01",
        "text": ""
    },
    {
        "start": 13.404074702886248,
        "end": 13.421052631578949,
        "speaker": "SPEAKER_00",
        "text": ""
    },
    {
        "start": 14.168081494057725,
        "end": 20.263157894736842,
        "speaker": "SPEAKER_02",
        "text": "ازا بعتن مسلسل انهايه فيها جواز وفيهافرحه فيها عريس وعروسه بس في الاخر على مد"
    },
    {
        "start": 20.67062818336163,
        "end": 23.77758913412564,
        "speaker": "SPEAKER_02",
        "text": "الحلقات كلهها ادرين بنوصو طين وفيلفين انفسهم"
    },
    {
        "start": 24.473684210526315,
        "end": 26.001697792869273,
        "speaker": "SPEAKER_02",
        "text": "الطنقل وسط ي"
    }
]