[
    {
        "start": 0.008488964346349746,
        "end": 4.151103565365025,
        "speaker": "SPEAKER_03",
        "text": "شد تملقها في  العا "
    },
    {
        "start": 3.641765704584041,
        "end": 4.966044142614601,
        "speaker": "SPEAKER_00",
        "text": "االبطد"
    },
    {
        "start": 4.915110356536502,
        "end": 6.952461799660442,
        "speaker": "SPEAKER_03",
        "text": "بو عاي"
    },
    {
        "start": 6.731748726655349,
        "end": 35.18675721561969,
        "speaker": "SPEAKER_00",
        "text": "يحضرتت احنالينا ااهدا  في التاتيجبي اوولها نهن جازمنعمل انفاذ قان ولاز مبق في دور لالاتباء ل انحنا افض ناحظ ن نسبه الاطباءزياده جدا في عمليات فستان ناسم كانت في الاول اللي بيعمل عملريه فستان انازر جايه او حلا صحه او اي شخص بدات الناس تج للاطباء ف عمله تسيهع فداكا المؤش بالنسبهنه كان صضوه عم احنا لان ناسبت عمليات الختان دي كله بيعنوهابا بانكمنيك في من ما"
    },
    {
        "start": 12.589134125636674,
        "end": 12.67402376910017,
        "speaker": "SPEAKER_03",
        "text": ""
    },
    {
        "start": 12.911714770797964,
        "end": 13.04753820033956,
        "speaker": "SPEAKER_03",
        "text": ""
    },
    {
        "start": 20.31409168081494,
        "end": 20.636672325976235,
        "speaker": "SPEAKER_01",
        "text": ""
    },
    {
        "start": 27.903225806451616,
        "end": 28.293718166383705,
        "speaker": "SPEAKER_03",
        "text": ""
    },
    {
        "start": 28.293718166383705,
        "end": 28.310696095076402,
        "speaker": "SPEAKER_01",
        "text": ""
    },
    {
        "start": 30.534804753820033,
        "end": 31.027164685908318,
        "speaker": "SPEAKER_03",
        "text": "ح"
    },
    {
        "start": 35.18675721561969,
        "end": 40.58573853989813,
        "speaker": "SPEAKER_03",
        "text": "المعند بون ط هايدامعدعملياط الختان"
    },
    {
        "start": 41.04414261460102,
        "end": 45.69609507640068,
        "speaker": "SPEAKER_03",
        "text": "حد كافي الميه و بحلول عامم  ⁇ ن ⁇ ن عايزج"
    },
    {
        "start": 46.035653650254666,
        "end": 65.01697792869271,
        "speaker": "SPEAKER_00",
        "text": "و احنا بنفهم مؤشر لنا الفتره اللي هي من س ⁇  لل ⁇  انا ما يش دعوه بالفطر اللي من  ⁇  ل ⁇  بن يديا هتفضل مستمرره معي في الفتره اللي فات الفتره البنت اللي عندها من سن خس ⁇  ل ن ⁇  للفاع دي كده معروف غالبا ما بيتحصلش عمليه الختان بعد السنده"
    },
    {
        "start": 55.67911714770798,
        "end": 56.08658743633277,
        "speaker": "SPEAKER_01",
        "text": ""
    },
    {
        "start": 56.884550084889646,
        "end": 57.29202037351443,
        "speaker": "SPEAKER_01",
        "text": ""
    },
    {
        "start": 64.35483870967741,
        "end": 65.4414261460102,
        "speaker": "SPEAKER_03",
        "text": "ني "
    },
    {
        "start": 65.4414261460102,
        "end": 68.8030560271647,
        "speaker": "SPEAKER_00",
        "text": "احنا النسبه دي كانت ف  ⁇  كانت  ⁇  في الم"
    },
    {
        "start": 65.4753820033956,
        "end": 65.5263157894737,
        "speaker": "SPEAKER_03",
        "text": ""
    },
    {
        "start": 68.8030560271647,
        "end": 69.83870967741936,
        "speaker": "SPEAKER_03",
        "text": "ري"
    },
    {
        "start": 69.78777589134125,
        "end": 83.99830220713073,
        "speaker": "SPEAKER_00",
        "text": "ضبطرب ⁇  اببايفد ⁇  في المي واحنا بنهد في المن شاء اللهعلى ف ⁇  فب  ⁇  في المئه ودائما  علماء الاحصاء علمونا ان النسبه لما توصل ل ⁇  ⁇  في المئه بعد كده تعرف انالنسبع ⁇ ذه خالص"
    },
    {
        "start": 70.53480475382003,
        "end": 71.2478777589134,
        "speaker": "SPEAKER_03",
        "text": ""
    },
    {
        "start": 73.87945670628184,
        "end": 74.37181663837012,
        "speaker": "SPEAKER_03",
        "text": "وح"
    },
    {
        "start": 81.51952461799661,
        "end": 81.97792869269949,
        "speaker": "SPEAKER_01",
        "text": ""
    },
    {
        "start": 83.94736842105263,
        "end": 95.33955857385399,
        "speaker": "SPEAKER_01",
        "text": "جحاجصطام يمل قوي لي بعد تجرتك الاجابيه د بتمصاحي اصحاب وبتقوللهم ا اضرار خكا لانا"
    },
    {
        "start": 84.76230899830222,
        "end": 86.17147707979626,
        "speaker": "SPEAKER_00",
        "text": "ب"
    },
    {
        "start": 96.39219015280136,
        "end": 97.29202037351445,
        "speaker": "SPEAKER_01",
        "text": ""
    },
    {
        "start": 98.37860780984721,
        "end": 101.3327674023769,
        "speaker": "SPEAKER_01",
        "text": "ومامعففه"
    },
    {
        "start": 100.72156196943973,
        "end": 102.26655348047538,
        "speaker": "SPEAKER_02",
        "text": "د"
    },
    {
        "start": 103.09847198641765,
        "end": 105.4753820033956,
        "speaker": "SPEAKER_02",
        "text": "لاهو ما كانش عند فرصحا يعن"
    },
    {
        "start": 106.20543293718166,
        "end": 118.00509337860782,
        "speaker": "SPEAKER_02",
        "text": "حتى الدائره اللي حواليا كلهم ما اتعرض وص الحاجات دي بسلما بيطرح قدام الموضوع بقى يعني بقعرض وبيتخانقو ما هو ده ما ينفعش ولا دنيا ولا دي ولا اي حاجه"
    },
    {
        "start": 118.39558573853989,
        "end": 120.72156196943973,
        "speaker": "SPEAKER_02",
        "text": "هو ولا لاقدالتربيه"
    },
    {
        "start": 120.72156196943973,
        "end": 121.01018675721562,
        "speaker": "SPEAKER_03",
        "text": ""
    },
    {
        "start": 121.553480475382,
        "end": 122.1137521222411,
        "speaker": "SPEAKER_02",
        "text": ""
    },
    {
        "start": 121.6723259762309,
        "end": 122.0797962648557,
        "speaker": "SPEAKER_03",
        "text": ""
    },
    {
        "start": 122.1137521222411,
        "end": 122.82682512733447,
        "speaker": "SPEAKER_03",
        "text": "ج"
    },
    {
        "start": 122.82682512733447,
        "end": 134.32088285229204,
        "speaker": "SPEAKER_02",
        "text": "امان اللي حواليك م اتعرض وش ل ده اللي حوالي مضايقه المقربه لي مش ده اصحابي اللي في المدرسه لما طول الوقت فيتن اهصحابي اللي في المدرسه دي الليعنيه"
    },
    {
        "start": 126.59592529711375,
        "end": 126.86757215619696,
        "speaker": "SPEAKER_03",
        "text": ""
    },
    {
        "start": 128.1578947368421,
        "end": 128.3276740237691,
        "speaker": "SPEAKER_00",
        "text": ""
    },
    {
        "start": 130.16129032258067,
        "end": 130.22920203735146,
        "speaker": "SPEAKER_00",
        "text": ""
    },
    {
        "start": 130.24617996604417,
        "end": 130.55178268251274,
        "speaker": "SPEAKER_00",
        "text": ""
    },
    {
        "start": 134.660441426146,
        "end": 149.2275042444822,
        "speaker": "SPEAKER_02",
        "text": "كنت بقعد اتكلم معهم بس برده فكره المناقشه والحوار اللي انا فيها دلوقت غير زمان وانا طفله صغيره يعجبكش مكش هعرف اقول ده بس لما بكنفي فرصهان انا اقول ده و"
    },
    {
        "start": 144.35483870967744,
        "end": 144.49066213921904,
        "speaker": "SPEAKER_03",
        "text": ""
    },
    {
        "start": 144.50764006791172,
        "end": 144.55857385398983,
        "speaker": "SPEAKER_03",
        "text": ""
    },
    {
        "start": 144.55857385398983,
        "end": 144.5755517826825,
        "speaker": "SPEAKER_00",
        "text": ""
    },
    {
        "start": 144.94906621392192,
        "end": 145.0,
        "speaker": "SPEAKER_03",
        "text": ""
    },
    {
        "start": 148.616298811545,
        "end": 149.04074702886248,
        "speaker": "SPEAKER_03",
        "text": ""
    },
    {
        "start": 149.2275042444822,
        "end": 165.0,
        "speaker": "SPEAKER_03",
        "text": "مش ل الموضوع في موضوع من موضوعات اللي انتمم بتتناقش فيها دلوقتي يبقى انك كبرتي يعنيي بتتكلمفي عادي على المفتوح كده بتسالي نكتشاي عحضرتك مثا انت تعرضت لعمليه تبن تعرف احد تعرض لعمليه الختان اولاق ولا ما هوش موضو"
    },
    {
        "start": 154.30390492359933,
        "end": 154.76230899830222,
        "speaker": "SPEAKER_02",
        "text": ""
    },
    {
        "start": 165.0,
        "end": 178.02207130730054,
        "speaker": "SPEAKER_02",
        "text": "تروح اصلا المناقشه ما بين  لالموضوع مطروح وان هو زي مثلا اليوم العال الفستان الامام بنبدا نتكلم في الموضوع و نبداا لطرح الاسئللههعملو ه "
    },
    {
        "start": 170.95925297113754,
        "end": 171.45161290322582,
        "speaker": "SPEAKER_00",
        "text": ""
    },
    {
        "start": 178.7181663837012,
        "end": 181.17996604414262,
        "speaker": "SPEAKER_02",
        "text": "لل هو لسه مستمر وانالا"
    },
    {
        "start": 181.28183361629883,
        "end": 191.9779286926995,
        "speaker": "SPEAKER_02",
        "text": "بس لليسف والس لمستمر في بعض يعني وبعد الاماك في بعض الاماكن من ناحيه الشعبيه وحتى الناس المتدينه اناس  المغلق على نفس"
    },
    {
        "start": 185.4414261460102,
        "end": 186.12054329371819,
        "speaker": "SPEAKER_00",
        "text": ""
    },
    {
        "start": 186.46010186757218,
        "end": 187.00339558573856,
        "speaker": "SPEAKER_00",
        "text": "بعض ل"
    },
    {
        "start": 188.8879456706282,
        "end": 189.15959252971138,
        "speaker": "SPEAKER_00",
        "text": ""
    },
    {
        "start": 190.17826825127335,
        "end": 190.48387096774195,
        "speaker": "SPEAKER_00",
        "text": ""
    },
    {
        "start": 192.2156196943973,
        "end": 194.20203735144312,
        "speaker": "SPEAKER_02",
        "text": "لانهشافين"
    },
    {
        "start": 194.69439728353143,
        "end": 196.44312393887947,
        "speaker": "SPEAKER_02",
        "text": "بد المابنت"
    },
    {
        "start": 195.6621392190153,
        "end": 195.96774193548387,
        "speaker": "SPEAKER_00",
        "text": ""
    },
    {
        "start": 196.66383701188457,
        "end": 203.42105263157896,
        "speaker": "SPEAKER_02",
        "text": "عوره وانهي ما ينفعش تحسف اي حاجه حاسه ن الموضوع ده اثر عليك على حياتك ومما عيعني اكي"
    },
    {
        "start": 204.16808149405773,
        "end": 205.5602716468591,
        "speaker": "SPEAKER_01",
        "text": "يه"
    },
    {
        "start": 205.9507640067912,
        "end": 207.12224108658745,
        "speaker": "SPEAKER_01",
        "text": "كنموضوع ابي"
    },
    {
        "start": 207.12224108658745,
        "end": 220.22920203735146,
        "speaker": "SPEAKER_02",
        "text": "ه اكيد وحسيت ان انا حاجه دي حاجه بتاعتي في حسيت ان انا ساعتها اي حاجه ممكن تحصل ي بعد كده هقف و اتكلم مدي حاجه خاصه بي ما ينفعش اي حد من الباقي وهو"
    },
    {
        "start": 217.59762308998305,
        "end": 218.10696095076403,
        "speaker": "SPEAKER_03",
        "text": ""
    },
    {
        "start": 218.9219015280136,
        "end": 219.70288624787779,
        "speaker": "SPEAKER_03",
        "text": "كو"
    },
    {
        "start": 220.36502546689306,
        "end": 221.9949066213922,
        "speaker": "SPEAKER_02",
        "text": "دروريى اسوط"
    },
    {
        "start": 221.9949066213922,
        "end": 239.80475382003397,
        "speaker": "SPEAKER_03",
        "text": "المراه مسموعضاا ش س قضيه ختان البناس في صطفى ايرسان وحياتك في حب من انت تقولها النهارده و احنا بنط ش هذا الموضوع حقيق مش هنقدر عليه النهارده وبرده بحلول ع ⁇ يش في الميه ولا كثيره سله حاجت  ⁇ "
    },
    {
        "start": 223.42105263157896,
        "end": 224.16808149405773,
        "speaker": "SPEAKER_02",
        "text": ""
    },
    {
        "start": 224.47368421052633,
        "end": 225.1867572156197,
        "speaker": "SPEAKER_02",
        "text": ""
    },
    {
        "start": 237.15619694397284,
        "end": 237.81833616298812,
        "speaker": "SPEAKER_00",
        "text": ""
    },
    {
        "start": 239.99151103565367,
        "end": 243.86247877758916,
        "speaker": "SPEAKER_00",
        "text": "ا ساله رسالن  رساله للاهل و رسالهلاط"
    },
    {
        "start": 243.77758913412566,
        "end": 243.99830220713073,
        "speaker": "SPEAKER_03",
        "text": ""
    },
    {
        "start": 243.99830220713073,
        "end": 264.64346349745335,
        "speaker": "SPEAKER_00",
        "text": "الاه انابقعدم بيقول لهم الموضوعما بيرتحعش قتع جزء من اجسم البنت عشان خاطري ان انت تحاول تهزبهو يبقى عنده خلاق الموضوع بيرجعلالتربيه للي كل الشافعيا بقى من المخ او العقل يعنيحتى لو عملت كل شيء في جسمها البنت لو عايزه تنحرف هات الحكمهم الاطباء"
    },
    {
        "start": 255.1358234295416,
        "end": 255.6960950764007,
        "speaker": "SPEAKER_01",
        "text": "ي"
    },
    {
        "start": 257.3429541595925,
        "end": 257.88624787775893,
        "speaker": "SPEAKER_01",
        "text": ""
    },
    {
        "start": 262.24957555178275,
        "end": 262.3514431239389,
        "speaker": "SPEAKER_01",
        "text": ""
    },
    {
        "start": 262.4702886247878,
        "end": 263.0135823429541,
        "speaker": "SPEAKER_01",
        "text": "ح"
    },
    {
        "start": 264.93208828522927,
        "end": 287.6485568760611,
        "speaker": "SPEAKER_00",
        "text": "احنا بنقو ليا جمعل الطب وليثالطبي يعني بنش ف ل في الطب او في المراجع الطبيه في حاجه اسمها عمليه ختان الاناث احنا معملنا مؤتمر  لسه من حوالي سبوع في  ⁇  كان مؤتمر اطباء ضد ختان الناث مي المؤتمرن هدفه  اناحنا لازم ننزل راس لفيل با ف كليه الطب لغايه دلوقتي ملا يعرفوش ان كختبلي اضرار"
    },
    {
        "start": 268.71816638370126,
        "end": 268.7351443123939,
        "speaker": "SPEAKER_01",
        "text": ""
    },
    {
        "start": 268.955857385399,
        "end": 269.0747028862479,
        "speaker": "SPEAKER_01",
        "text": ""
    },
    {
        "start": 287.5127334465195,
        "end": 288.0220713073005,
        "speaker": "SPEAKER_02",
        "text": ""
    },
    {
        "start": 287.7843803056028,
        "end": 313.8624787775891,
        "speaker": "SPEAKER_00",
        "text": "ك اهم حاجه عندنا ان احنا يبقى في منهك في كليه الطبيعرف عن اضرار ختان الالناث  قدير سله للاطباءئ جمعه الله امن الموضوع ده انت عندكقصل م ساحه التخرج النت ما تكذبيش مريض والنهدف اي تدخل جراحي هو اينتان اتنجي المريض او تشي الم من عنده بالقسط لعلاج وليس بلقضوضره فاضير ستمونمين لالاهلي ول الاطباء"
    },
    {
        "start": 308.3955857385399,
        "end": 308.9049235993209,
        "speaker": "SPEAKER_03",
        "text": ""
    },
    {
        "start": 310.82342954159594,
        "end": 311.24787775891343,
        "speaker": "SPEAKER_03",
        "text": ""
    },
    {
        "start": 313.8624787775891,
        "end": 314.3378607809848,
        "speaker": "SPEAKER_03",
        "text": ""
    },
    {
        "start": 314.490662139219,
        "end": 321.99490662139226,
        "speaker": "SPEAKER_03",
        "text": "م الناسماعانت مانك برده رسالهتوجيهها البنات اللي اتتنكولا اصغر منك اللي ممكن فيوم من الايانيتعرضوا اللي مثل هذا الوق"
    },
    {
        "start": 321.99490662139226,
        "end": 322.41935483870975,
        "speaker": "SPEAKER_02",
        "text": ""
    },
    {
        "start": 322.79286926994905,
        "end": 329.46519524618,
        "speaker": "SPEAKER_02",
        "text": "جسمك ده بتاعك يعني انتانت اللي هتحس دي كل حاجه  انت اللي بهتحسط القل وانت اللي تحس به الو"
    },
    {
        "start": 330.39898132427845,
        "end": 337.2241086587436,
        "speaker": "SPEAKER_02",
        "text": "على قد القلم اللي انت تحسيه فياي حاجه ساعه حرب مش مساعده تعمله ختان واي حاجه"
    },
    {
        "start": 337.5127334465195,
        "end": 341.91001697792876,
        "speaker": "SPEAKER_02",
        "text": "لو فكرت بسوت المراجع اعلدافي عندا بكل تط"
    },
    {
        "start": 342.572156196944,
        "end": 346.78268251273346,
        "speaker": "SPEAKER_02",
        "text": "جسمنا يصح ان احنا داسع عننه ضادي حاجه يعني محقيكي علىت"
    },
    {
        "start": 346.78268251273346,
        "end": 350.39898132427845,
        "speaker": "SPEAKER_03",
        "text": "ديك وعلى موقست وعلى سجودكمم الجمي"
    },
    {
        "start": 346.7996604414261,
        "end": 347.1731748726655,
        "speaker": "SPEAKER_02",
        "text": ""
    },
    {
        "start": 350.5517826825128,
        "end": 355.3735144312394,
        "speaker": "SPEAKER_00",
        "text": "وب  عيز اول حاجه صرت تن الليبش ون يد"
    },
    {
        "start": 352.19864176570456,
        "end": 353.04753820033955,
        "speaker": "SPEAKER_03",
        "text": "الس"
    },
    {
        "start": 355.3735144312394,
        "end": 355.7979626485569,
        "speaker": "SPEAKER_03",
        "text": ""
    },
    {
        "start": 355.40747028862484,
        "end": 360.56876061120545,
        "speaker": "SPEAKER_00",
        "text": "يبقى عنده بدارينت ختان اناس اتصل على رقم ده خط"
    },
    {
        "start": 356.5619694397284,
        "end": 356.78268251273346,
        "speaker": "SPEAKER_03",
        "text": ""
    },
    {
        "start": 359.5670628183361,
        "end": 361.19694397283536,
        "speaker": "SPEAKER_03",
        "text": "ا"
    },
    {
        "start": 361.07809847198644,
        "end": 383.8964346349745,
        "speaker": "SPEAKER_00",
        "text": " ⁇   ⁇  ضغط المشهوره المصريه الدلي احنا بن طلب قه كل البلاغات عن جريم ختانيث او التوج لاا جنيابه عامه او مركز شرطه في توزاره اداخليه ومكتب النائب العامقاختان ث ما تسكتوش عني تسمعن اي كاريم عن ختان ناث ياري ه الص فرا العلى الرقم ده او التتوجه لاايه مكتبننيابه ااو امش"
    },
    {
        "start": 376.5959252971138,
        "end": 377.03735144312395,
        "speaker": "SPEAKER_01",
        "text": ""
    },
    {
        "start": 384.0322580645161,
        "end": 384.320882852292,
        "speaker": "SPEAKER_03",
        "text": ""
    },
    {
        "start": 384.320882852292,
        "end": 385.0,
        "speaker": "SPEAKER_01",
        "text": ""
    },
    {
        "start": 385.0,
        "end": 395.0,
        "speaker": "SPEAKER_03",
        "text": "فشذ حد ⁇  د بيشمع و بيرف عناوتف علال"
    },
    {
        "start": 385.2037351443124,
        "end": 387.37691001697794,
        "speaker": "SPEAKER_00",
        "text": ""
    },
    {
        "start": 388.2427843803056,
        "end": 388.3276740237691,
        "speaker": "SPEAKER_00",
        "text": ""
    },
    {
        "start": 388.3955857385399,
        "end": 388.4125636672326,
        "speaker": "SPEAKER_00",
        "text": ""
    },
    {
        "start": 391.94397283531407,
        "end": 395.848896434635,
        "speaker": "SPEAKER_00",
        "text": "وتف عنراضهي"
    },
    {
        "start": 395.0,
        "end": 396.83361629881153,
        "speaker": "SPEAKER_01",
        "text": "ايشف ممس"
    },
    {
        "start": 397.0203735144313,
        "end": 406.49405772495754,
        "speaker": "SPEAKER_01",
        "text": "اكي فيء بل علىرقمكناسكثيده هتبقىح الهي  تبللغ  عن الجرائئم دي اوانهي تصتفسر كمان على اح"
    },
    {
        "start": 406.3752122241086,
        "end": 409.5331069609508,
        "speaker": "SPEAKER_03",
        "text": "نادالحذوصرنده يعني"
    },
    {
        "start": 407.00339558573853,
        "end": 408.2258064516129,
        "speaker": "SPEAKER_01",
        "text": "ق"
    },
    {
        "start": 410.22920203735146,
        "end": 415.0,
        "speaker": "SPEAKER_03",
        "text": "دخوشي يماع فاصمقنلا اعرفنالسل"
    },
    {
        "start": 415.40747028862484,
        "end": 424.8471986417658,
        "speaker": "SPEAKER_03",
        "text": "عم  بلا ذاي اثرفي اذاه  ⁇ زير واحد ع ⁇ ين دهحطى اسا للاستفسار اوللتب عن اي حالات ختان الانث"
    },
    {
        "start": 426.3412563667233,
        "end": 427.29202037351445,
        "speaker": "SPEAKER_01",
        "text": "كلم ن كير"
    },
    {
        "start": 427.58064516129036,
        "end": 429.17657045840406,
        "speaker": "SPEAKER_01",
        "text": "بعكش جدا"
    },
    {
        "start": 430.73853989813244,
        "end": 449.1086587436333,
        "speaker": "SPEAKER_01",
        "text": "لبشهر استاذ مصطفىشحب اشكرك جدا ايمان سياعلى شجاعتك وعلى اسرارك و عزمتك بجد بحيكو بقى حضرتك على دور الرائع الذي قوم ب من خلال التوعيه و محاربه العاده السيئه  عزيزه"
    },
    {
        "start": 440.48387096774195,
        "end": 440.5857385398981,
        "speaker": "SPEAKER_00",
        "text": ""
    },
    {
        "start": 440.5857385398981,
        "end": 440.68760611205437,
        "speaker": "SPEAKER_02",
        "text": ""
    },
    {
        "start": 446.83361629881153,
        "end": 448.88794567062826,
        "speaker": "SPEAKER_03",
        "text": "ز"
    },
    {
        "start": 449.0407470288625,
        "end": 454.13412563667237,
        "speaker": "SPEAKER_03",
        "text": "فخرتاتل بقى الحيااتي مصطفى ويمان هعزمكم هي لهتل حى"
    },
    {
        "start": 453.21731748726654,
        "end": 455.7470288624788,
        "speaker": "SPEAKER_01",
        "text": ""
    },
    {
        "start": 455.7640067911715,
        "end": 455.78098471986425,
        "speaker": "SPEAKER_01",
        "text": ""
    },
    {
        "start": 457.00339558573853,
        "end": 463.87945670628187,
        "speaker": "SPEAKER_03",
        "text": "جد  ى مطخ الناه على لك"
    },
    {
        "start": 460.4329371816639,
        "end": 460.7894736842105,
        "speaker": "SPEAKER_01",
        "text": ""
    },
    {
        "start": 461.41765704584043,
        "end": 463.8285229202038,
        "speaker": "SPEAKER_01",
        "text": "ولهعل ل"
    },
    {
        "start": 463.87945670628187,
        "end": 463.9983022071308,
        "speaker": "SPEAKER_01",
        "text": ""
    },
    {
        "start": 463.9983022071308,
        "end": 465.0,
        "speaker": "SPEAKER_03",
        "text": "رين "
    },
    {
        "start": 465.0,
        "end": 465.27164685908326,
        "speaker": "SPEAKER_01",
        "text": ""
    },
    {
        "start": 465.27164685908326,
        "end": 466.12054329371824,
        "speaker": "SPEAKER_03",
        "text": ""
    },
    {
        "start": 467.0543293718166,
        "end": 468.54838709677426,
        "speaker": "SPEAKER_03",
        "text": "فقره صحيه"
    }
]