[
    {
        "start": 0.008488964346349746,
        "end": 28.15789473684211,
        "speaker": "SPEAKER_00",
        "text": "حر مثل العازفين بيشتغلا مع اكبر نجوم في مصر الناس كلم تقوي الناس بت باركلي صوت  صوت المختلف المعود صوت ومش عارف يفعلا هو الموضوع كاحنا رزق فيان احنا مش مطلوب ونام حاجه  اجسد  حقيقيقه ال احنا مصريين ناس عاديه جدا جدا الزاي  عرفرقم الملاستاذ سيد قال من شويه دسلت برده مش وياك نفس الفكره برده احنا الضابط بيحعمل لنا ن هي ين"
    },
    {
        "start": 28.056027164685908,
        "end": 30.959252971137524,
        "speaker": "SPEAKER_01",
        "text": "لت الصوره د للحنا"
    },
    {
        "start": 28.78607809847199,
        "end": 32.096774193548384,
        "speaker": "SPEAKER_00",
        "text": "يو اللياحنا كوانا فيه بس احنا يعني"
    },
    {
        "start": 32.53820033955857,
        "end": 34.9490662139219,
        "speaker": "SPEAKER_00",
        "text": "يعني هو مكان يم اللي انت بتعرف تعمله"
    },
    {
        "start": 35.23769100169779,
        "end": 66.34125636672326,
        "speaker": "SPEAKER_00",
        "text": "ف احنا عملنا النا حبنفعمالمحتى في المزيكا كل مره بيقول لي هنا نبس الكلام قول لاستنا س كانواه قولوا الرز المزيز اللي حصلتفي مسلسل رزق مسلسل مصري اليفي المئه الاله الشرقيه جدا جدا والله كلهاتعبر عن بلدر وكسلها الحالقه اللاي ين الناس كسوره او ساو اغاني او ااي حاجه ا يعني  ساكته مشقى  مش مشج"
    },
    {
        "start": 62.77589134125637,
        "end": 62.86078098471987,
        "speaker": "SPEAKER_02",
        "text": ""
    },
    {
        "start": 62.86078098471987,
        "end": 62.96264855687606,
        "speaker": "SPEAKER_01",
        "text": ""
    },
    {
        "start": 62.96264855687606,
        "end": 63.04753820033956,
        "speaker": "SPEAKER_02",
        "text": ""
    },
    {
        "start": 63.04753820033956,
        "end": 64.8132427843803,
        "speaker": "SPEAKER_01",
        "text": "ده اش"
    },
    {
        "start": 64.8132427843803,
        "end": 68.87096774193549,
        "speaker": "SPEAKER_02",
        "text": "مش ملاه الحاله د حال  بم"
    },
    {
        "start": 67.66553480475383,
        "end": 72.48726655348048,
        "speaker": "SPEAKER_00",
        "text": "بضعمقومحلش قدما احنا يععني حسينا خترجنا اللي احنا ننبسش"
    },
    {
        "start": 72.70797962648558,
        "end": 77.00339558573853,
        "speaker": "SPEAKER_02",
        "text": "مراده الحلات عام شوف الحاله الثلهه حل لاله اكذب  مي عن نهاه"
    }
]