[
    {
        "start": 0.008488964346349746,
        "end": 7.852292020373515,
        "speaker": "SPEAKER_00",
        "text": "تعرف دلوقتي  انا يعني انا بقيت عبير وبطلها منمكم اللي انا بقيت امش الله ال با قوله  طب ماش يا افيهم"
    },
    {
        "start": 0.19524617996604415,
        "end": 1.0271646859083192,
        "speaker": "SPEAKER_01",
        "text": "وق"
    },
    {
        "start": 5.492359932088286,
        "end": 6.03565365025467,
        "speaker": "SPEAKER_01",
        "text": ""
    },
    {
        "start": 8.140916808149406,
        "end": 16.71477079796265,
        "speaker": "SPEAKER_00",
        "text": "الله بطل يجي لك هو مامت بصيت لي كده ميا ممجهطتري"
    },
    {
        "start": 17.325976230899833,
        "end": 19.482173174872663,
        "speaker": "SPEAKER_00",
        "text": "نيشوفاير"
    },
    {
        "start": 17.563667232597624,
        "end": 36.29032258064516,
        "speaker": "SPEAKER_01",
        "text": "يعني شوفيا رضا وهي كلمت على اختيارات على السوشيال ميدي حاجه ان اختراتها هي الشخصيه بس هاروح لشبصصبري بقىجايبهخجهاز بلاجابه حد ماتذه واسطه ام تحيه لكم طبعا تحه الوتست الي انت فعلا اخترته الموضوع الصعب ده احيانه المواضي دي"
    },
    {
        "start": 24.779286926994907,
        "end": 27.003395585738538,
        "speaker": "SPEAKER_02",
        "text": "ازبري بقى "
    },
    {
        "start": 36.61290322580645,
        "end": 37.29202037351443,
        "speaker": "SPEAKER_01",
        "text": ""
    },
    {
        "start": 38.03904923599321,
        "end": 47.00339558573854,
        "speaker": "SPEAKER_01",
        "text": "خلي يقول بصراحه الناس ممكن تقفل الناس ممكن تكنتوتراهت ودخلوت م كده ناس مش عايزه"
    }
]