[
    {
        "start": 0.008488964346349746,
        "end": 0.9252971137521222,
        "speaker": "SPEAKER_01",
        "text": "وح"
    },
    {
        "start": 1.0780984719864177,
        "end": 5.882852292020374,
        "speaker": "SPEAKER_01",
        "text": "ايز تبقىبتحب هت مني الم تبمل الدنيا خب بعايز تكره كل حركاتكر"
    },
    {
        "start": 6.137521222410866,
        "end": 6.578947368421053,
        "speaker": "SPEAKER_00",
        "text": ""
    },
    {
        "start": 6.578947368421053,
        "end": 13.505942275042445,
        "speaker": "SPEAKER_01",
        "text": "ف وهي المزيكا خذيه شبه كده وطلع المزيكا ما فيهاش حاجه نيبلمزيكا بتاع بلدا"
    },
    {
        "start": 13.98132427843803,
        "end": 13.998302207130731,
        "speaker": "SPEAKER_01",
        "text": ""
    },
    {
        "start": 14.04923599320883,
        "end": 17.325976230899833,
        "speaker": "SPEAKER_01",
        "text": "فيش حاجه منحاس حاجه اقورينتل ممعد "
    },
    {
        "start": 14.473684210526317,
        "end": 14.813242784380307,
        "speaker": "SPEAKER_02",
        "text": ""
    },
    {
        "start": 17.292020373514433,
        "end": 19.99151103565365,
        "speaker": "SPEAKER_02",
        "text": "لبالنسبه لي مبسوطر جدا"
    }
]