[
    {
        "start": 0.008488964346349746,
        "end": 2.2156196943972835,
        "speaker": "SPEAKER_00",
        "text": "عشت على الا البل تبعث على اللا"
    },
    {
        "start": 2.775891341256367,
        "end": 28.71816638370119,
        "speaker": "SPEAKER_00",
        "text": "ده معناها ان وكينجاحمدول ما شاء الله انا عايزه حكي لك عليم الفسيخ ي ان لازم تقولثير يع الخم ا قسم بالله مقسم بللاهس ثر شب في مصر بييحب بفس فرين ده حبمككثف ن   قكواليس لي فوري"
    },
    {
        "start": 5.560271646859084,
        "end": 5.8658743633276735,
        "speaker": "SPEAKER_01",
        "text": ""
    },
    {
        "start": 8.191850594227505,
        "end": 11.485568760611207,
        "speaker": "SPEAKER_01",
        "text": "ل كثر يعن  لح"
    },
    {
        "start": 14.219015280135824,
        "end": 18.531409168081495,
        "speaker": "SPEAKER_01",
        "text": "ل"
    },
    {
        "start": 24.626485568760614,
        "end": 26.35823429541596,
        "speaker": "SPEAKER_01",
        "text": "و باح"
    },
    {
        "start": 29.14261460101868,
        "end": 55.0,
        "speaker": "SPEAKER_00",
        "text": "احنا عريما طبعا المشهد كلنا كنا عارفين ان احنا ابضخافهما للغايه ما عرهنا الحمد لله انهم هيعملوا في اليوم الفلاني تقريبا كلنا ما كملنش الطيف المه نفعل عملالمثل بتاع اي معناتكفي ميه بجد ان الحكايه بدات بالطب ورنجايه  المتاين وحنقعد ناكل لغايهن"
    },
    {
        "start": 31.6044142614601,
        "end": 32.04584040747029,
        "speaker": "SPEAKER_01",
        "text": "الل"
    },
    {
        "start": 37.92020373514431,
        "end": 39.787775891341255,
        "speaker": "SPEAKER_01",
        "text": ""
    },
    {
        "start": 40.721561969439726,
        "end": 41.21392190152801,
        "speaker": "SPEAKER_01",
        "text": ""
    },
    {
        "start": 46.10356536502547,
        "end": 46.460101867572156,
        "speaker": "SPEAKER_01",
        "text": ""
    },
    {
        "start": 48.82003395585738,
        "end": 49.49915110356537,
        "speaker": "SPEAKER_01",
        "text": ""
    }
]