[
    {
        "start": 0.008488964346349746,
        "end": 3.607809847198642,
        "speaker": "SPEAKER_01",
        "text": "رانا ن"
    },
    {
        "start": 1.5195246179966044,
        "end": 1.9949066213921904,
        "speaker": "SPEAKER_00",
        "text": ""
    },
    {
        "start": 2.7079796264855687,
        "end": 2.9966044142614603,
        "speaker": "SPEAKER_00",
        "text": ""
    },
    {
        "start": 3.9813242784380307,
        "end": 12.99660441426146,
        "speaker": "SPEAKER_01",
        "text": "ظف"
    },
    {
        "start": 9.906621392190154,
        "end": 11.36672325976231,
        "speaker": "SPEAKER_00",
        "text": ""
    },
    {
        "start": 12.99660441426146,
        "end": 14.847198641765706,
        "speaker": "SPEAKER_02",
        "text": ""
    },
    {
        "start": 16.697792869269954,
        "end": 19.889643463497457,
        "speaker": "SPEAKER_02",
        "text": "ح "
    },
    {
        "start": 16.95246179966044,
        "end": 17.682512733446522,
        "speaker": "SPEAKER_03",
        "text": ""
    },
    {
        "start": 18.59932088285229,
        "end": 19.75382003395586,
        "speaker": "SPEAKER_03",
        "text": "ا ح"
    },
    {
        "start": 19.940577249575554,
        "end": 21.112054329371816,
        "speaker": "SPEAKER_02",
        "text": ""
    },
    {
        "start": 21.349745331069613,
        "end": 25.084889643463498,
        "speaker": "SPEAKER_00",
        "text": "قليي نخح"
    },
    {
        "start": 23.234295415959252,
        "end": 23.268251273344653,
        "speaker": "SPEAKER_02",
        "text": ""
    },
    {
        "start": 23.268251273344653,
        "end": 23.845500848896435,
        "speaker": "SPEAKER_03",
        "text": "حق"
    },
    {
        "start": 23.845500848896435,
        "end": 24.219015280135828,
        "speaker": "SPEAKER_02",
        "text": ""
    },
    {
        "start": 25.220713073005093,
        "end": 28.3955857385399,
        "speaker": "SPEAKER_00",
        "text": ""
    },
    {
        "start": 28.446519524617997,
        "end": 28.480475382003398,
        "speaker": "SPEAKER_03",
        "text": ""
    },
    {
        "start": 29.702886247877757,
        "end": 30.263157894736842,
        "speaker": "SPEAKER_00",
        "text": ""
    },
    {
        "start": 31.468590831918505,
        "end": 31.99490662139219,
        "speaker": "SPEAKER_00",
        "text": ""
    }
]