[
    {
        "start": 0.008488964346349746,
        "end": 0.17826825127334464,
        "speaker": "SPEAKER_00",
        "text": ""
    },
    {
        "start": 0.36502546689303905,
        "end": 2.6230899830220715,
        "speaker": "SPEAKER_00",
        "text": "عشانكده ربنا فنال حيجه بتطلع"
    },
    {
        "start": 2.8607809847198644,
        "end": 4.320882852292021,
        "speaker": "SPEAKER_00",
        "text": "اشكل لليشفلا بم"
    },
    {
        "start": 4.507640067911716,
        "end": 8.921901528013583,
        "speaker": "SPEAKER_00",
        "text": "مش ب بتفرق وانت اكيد حسيته ده يعني حص"
    },
    {
        "start": 9.601018675721562,
        "end": 15.220713073005095,
        "speaker": "SPEAKER_00",
        "text": "الاغنيه وبالكف اللي تعمليها لنالتحت القصه الاب والزين وبيحببنت"
    },
    {
        "start": 15.577249575551784,
        "end": 16.08658743633277,
        "speaker": "SPEAKER_00",
        "text": ""
    },
    {
        "start": 16.511035653650254,
        "end": 20.551782682512737,
        "speaker": "SPEAKER_00",
        "text": "ده اب فكره لالناس على القصه وشوقه كمانن هما يشوفه ل"
    },
    {
        "start": 20.551782682512737,
        "end": 20.687606112054333,
        "speaker": "SPEAKER_01",
        "text": ""
    },
    {
        "start": 20.687606112054333,
        "end": 20.721561969439726,
        "speaker": "SPEAKER_00",
        "text": ""
    },
    {
        "start": 20.721561969439726,
        "end": 20.73853989813243,
        "speaker": "SPEAKER_01",
        "text": ""
    },
    {
        "start": 20.73853989813243,
        "end": 20.993208828522924,
        "speaker": "SPEAKER_00",
        "text": ""
    },
    {
        "start": 20.993208828522924,
        "end": 34.9660441426146,
        "speaker": "SPEAKER_01",
        "text": "صه غره القصه كمان  كل دلوقت تلاقي الافرح معظمها نتدهاهيك وكلام م نه تلاقي اب بيغني بجد للبنته الاغنيه دي كاه مش مكحش بس في المسلسل د نجحت"
    },
    {
        "start": 25.0,
        "end": 26.71477079796265,
        "speaker": "SPEAKER_00",
        "text": ""
    },
    {
        "start": 35.47538200339559,
        "end": 40.38200339558574,
        "speaker": "SPEAKER_01",
        "text": "يين بقى اسئله بالتحديد ك ممكن تفتضي في الفتره اللي فاتت بقى لي كثير جدا"
    },
    {
        "start": 40.721561969439726,
        "end": 47.10526315789474,
        "speaker": "SPEAKER_01",
        "text": "ف الحيا ناسنين غلط  خالصي ما با عملش اي حاجه  بكي ي"
    },
    {
        "start": 43.879456706281836,
        "end": 45.0,
        "speaker": "SPEAKER_00",
        "text": "عل "
    },
    {
        "start": 47.66553480475382,
        "end": 63.03056027164686,
        "speaker": "SPEAKER_01",
        "text": "بي حالتين هو سالنجاح طول ما ان موجودهو م انا بنح وطو فيغيعني انتوجد"
    },
    {
        "start": 48.08998302207131,
        "end": 50.059422750424446,
        "speaker": "SPEAKER_00",
        "text": "د"
    },
    {
        "start": 63.879456706281836,
        "end": 68.95585738539899,
        "speaker": "SPEAKER_01",
        "text": "الحقيقهكان في فتره طب عادي كل عارفها فاتره ولدتي رحمه طقول عليها"
    },
    {
        "start": 69.32937181663837,
        "end": 69.61799660441426,
        "speaker": "SPEAKER_00",
        "text": ""
    },
    {
        "start": 69.32937181663837,
        "end": 74.62648556876061,
        "speaker": "SPEAKER_01",
        "text": "بعديه دخلتمسلسلعالاستاذ امحمود عب ط العزيز"
    },
    {
        "start": 75.23769100169778,
        "end": 79.00679117147709,
        "speaker": "SPEAKER_01",
        "text": "من ساعتها فعلا ما قاليش بصراح يعنيف"
    }
]