[
    {
        "start": 0.008488964346349746,
        "end": 24.083191850594226,
        "speaker": "SPEAKER_02",
        "text": "كل ما يتعلق ب اسماعيل ياسين يبهجنا يمتعنا يستعيد ذكريات جميله و كماني خلينا نتطلع لامام ليه ل انا نتعلم من هذه الرموز الفنيه ما بتمتش ابدا بنعيش علىالتراث الفني الجميل يعني"
    },
    {
        "start": 25.27164685908319,
        "end": 28.07300509337861,
        "speaker": "SPEAKER_02",
        "text": "بتحول شوفتتفيدين يعني هنا"
    },
    {
        "start": 28.5144312393888,
        "end": 30.00848896434635,
        "speaker": "SPEAKER_02",
        "text": "ن كيم"
    },
    {
        "start": 30.07640067911715,
        "end": 31.842105263157897,
        "speaker": "SPEAKER_02",
        "text": "جدك على الشاش"
    },
    {
        "start": 32.45331069609507,
        "end": 33.845500848896435,
        "speaker": "SPEAKER_02",
        "text": ""
    },
    {
        "start": 34.33786078098472,
        "end": 47.81833616298812,
        "speaker": "SPEAKER_02",
        "text": "يعني بيبقى جبنا ويمتعنا يعني بتحاولي تشوفي تقولي لما القططحج من اسماعيل ياسين لما استفيد حج مننهذا التريخ الناصع"
    },
    {
        "start": 48.61629881154499,
        "end": 49.516129032258064,
        "speaker": "SPEAKER_00",
        "text": ""
    },
    {
        "start": 49.99151103565365,
        "end": 58.3106960950764,
        "speaker": "SPEAKER_00",
        "text": "طبعا احنا واحنا صغيرين بابا كان على طول يفرنا على افلام حتى كان في فيلم ماما بتعريط كثير اليهو اسماعيل ياسين في الجيس"
    },
    {
        "start": 54.33786078098472,
        "end": 54.9151103565365,
        "speaker": "SPEAKER_01",
        "text": ""
    },
    {
        "start": 58.3955857385399,
        "end": 58.82003395585738,
        "speaker": "SPEAKER_01",
        "text": ""
    },
    {
        "start": 58.4295415959253,
        "end": 58.497453310696095,
        "speaker": "SPEAKER_00",
        "text": ""
    },
    {
        "start": 58.82003395585738,
        "end": 67.8862478777589,
        "speaker": "SPEAKER_00",
        "text": "هو جابهوكان حريف جدا الي احنا نتفرج على افلام وا وكان بيكلمني على هو في الشغل عامل ازاي"
    },
    {
        "start": 64.50764006791172,
        "end": 64.7792869269949,
        "speaker": "SPEAKER_01",
        "text": ""
    },
    {
        "start": 67.9711375212224,
        "end": 89.43123938879458,
        "speaker": "SPEAKER_00",
        "text": "يعني كان بيقول لنا ان هو كان منضبط جدا بيحبالمواعيد مالتزم الهو شخصيه في الحقيقه جدته مثقف تحب القراءه الحاجات اللي كنت لما بتفرج على اسماعيل ياسين بخذها او مراكز فيها كان ساعتهفيتك كده في ز"
    },
    {
        "start": 90.11035653650254,
        "end": 93.40407470288625,
        "speaker": "SPEAKER_02",
        "text": "الففي اذك اع انت كده بطنلقاطف"
    },
    {
        "start": 91.31578947368422,
        "end": 91.8081494057725,
        "speaker": "SPEAKER_00",
        "text": "و"
    },
    {
        "start": 93.38709677419354,
        "end": 95.2716468590832,
        "speaker": "SPEAKER_00",
        "text": "فكانيقول مثللا حاجات"
    },
    {
        "start": 95.81494057724959,
        "end": 110.26315789473685,
        "speaker": "SPEAKER_00",
        "text": "فعلا انا الفيلم انا مش قادره افتكر اس مشمبتاعتس قضيه ته كان في شم ولواسماعيل ياي ايوه العق والمال الفيلم ده في كم افهات"
    },
    {
        "start": 99.41426146010187,
        "end": 99.85568760611207,
        "speaker": "SPEAKER_02",
        "text": ""
    },
    {
        "start": 100.21222410865875,
        "end": 102.21561969439728,
        "speaker": "SPEAKER_02",
        "text": "ش ي م"
    },
    {
        "start": 107.17317487266553,
        "end": 108.5823429541596,
        "speaker": "SPEAKER_02",
        "text": "ال"
    },
    {
        "start": 108.5823429541596,
        "end": 108.59932088285228,
        "speaker": "SPEAKER_01",
        "text": ""
    },
    {
        "start": 110.85738539898134,
        "end": 119.97453310696096,
        "speaker": "SPEAKER_00",
        "text": "هما بيتكلموا على عصر قديم جدا بس حاجات وقتهمفهت بترلكم في افلام دلوقتي"
    },
    {
        "start": 115.89983022071308,
        "end": 116.40916808149407,
        "speaker": "SPEAKER_02",
        "text": ""
    },
    {
        "start": 118.65025466893039,
        "end": 121.09507640067912,
        "speaker": "SPEAKER_02",
        "text": "يعن ث طعلى الوقعي"
    },
    {
        "start": 121.02716468590833,
        "end": 160.75551782682513,
        "speaker": "SPEAKER_00",
        "text": "الافيهات اللي هو كان بيقولا كافيهات ذكيه يعني في ناس نثل تطلع تقول اسماعيل ياسين بتاع حركات باقه حركات زي مهرجان لا الي يركز هيلا انوفي كثير فاذا كان وكان بيقول ان هوكان مثقف وولويما كتبته في الصور بتاعت بيته لا كان عنده مكتبه كبيره جدا وكان بيحب الكتابه جدا فدابل بين انفي موعد ثاني للشخصيه احنا كنا محظوظين ان احنا سمعنا عنها من بابا وعرفنا البعد الثاني ما شخصيه اشماعيل ياسين وعلى اساس وحياته ومشيت زاي"
    },
    {
        "start": 134.84719864176571,
        "end": 135.28862478777592,
        "speaker": "SPEAKER_01",
        "text": ""
    },
    {
        "start": 160.99320882852294,
        "end": 163.18336162988118,
        "speaker": "SPEAKER_00",
        "text": "حياته وازاي نتف"
    },
    {
        "start": 161.5704584040747,
        "end": 162.1477079796265,
        "speaker": "SPEAKER_02",
        "text": ""
    },
    {
        "start": 162.77589134125637,
        "end": 170.21222410865875,
        "speaker": "SPEAKER_02",
        "text": "ال هوبعد الفقافي دللبعض يعفقدانه يعني ممثل كوميدي لكنشعلا اسماعيل ياسين لا"
    },
    {
        "start": 170.60271646859084,
        "end": 176.01867572156198,
        "speaker": "SPEAKER_02",
        "text": "ت انت جبت الجاد اللي و كااشري بالثقافهفي از و"
    },
    {
        "start": 175.4923599320883,
        "end": 185.3565365025467,
        "speaker": "SPEAKER_00",
        "text": "لالمسوليه ففبني دهم عنده مسئوليه يعني من ضمنا الي مثلا في الاخر اشتغل ثاني ون لوجست"
    },
    {
        "start": 185.4753820033956,
        "end": 191.9100169779287,
        "speaker": "SPEAKER_00",
        "text": "لانه كان عنده اسره وكان عنده في في بيوتها نفتحها وكان"
    },
    {
        "start": 190.22920203735146,
        "end": 193.70967741935485,
        "speaker": "SPEAKER_02",
        "text": "يع ي الكمارت ط"
    },
    {
        "start": 193.01358234295418,
        "end": 197.69949066213923,
        "speaker": "SPEAKER_00",
        "text": "لوعجسط ارجعت عيني لان كان في عنده مسئوليه "
    },
    {
        "start": 194.20203735144312,
        "end": 194.98302207130732,
        "speaker": "SPEAKER_02",
        "text": "ج"
    },
    {
        "start": 197.05432937181666,
        "end": 201.70628183361632,
        "speaker": "SPEAKER_02",
        "text": "ما يقعدش في العمل المدني هنا يقول لما اشتغل ي"
    },
    {
        "start": 201.75721561969442,
        "end": 203.60780984719867,
        "speaker": "SPEAKER_00",
        "text": "هواو ديسناعكه"
    },
    {
        "start": 203.79456706281834,
        "end": 205.6112054329372,
        "speaker": "SPEAKER_00",
        "text": "ج اللي يعرفهاتقوللك عل"
    },
    {
        "start": 205.339558573854,
        "end": 217.29202037351445,
        "speaker": "SPEAKER_02",
        "text": "مهمياس ملش الحده الن ك كان قصيه على اسماعيل ياسين المشتغل فى الكباريهات تمن بستاني بعد مصنع هذ الكوكبوت"
    },
    {
        "start": 216.61290322580646,
        "end": 218.8879456706282,
        "speaker": "SPEAKER_01",
        "text": "كناسى عليهنفسيا"
    },
    {
        "start": 219.24448217317487,
        "end": 236.30730050933786,
        "speaker": "SPEAKER_01",
        "text": "علي اسماعيل ياسين نفسه فعيه حر شرا ان هو يرجع ثانييقولمن روك لكن كان هو كان لازم يشتغل لازم الحياه تستمر عنده ولد حاطت له شكل معين انهو يربيه به"
    },
    {
        "start": 236.62988115449917,
        "end": 242.0797962648557,
        "speaker": "SPEAKER_01",
        "text": "في س مسؤوله ضي حياته منه فكان لازم شتغل"
    },
    {
        "start": 242.48726655348048,
        "end": 243.86247877758916,
        "speaker": "SPEAKER_01",
        "text": "ا انشين عيق ف"
    },
    {
        "start": 243.42105263157896,
        "end": 249.0747028862479,
        "speaker": "SPEAKER_02",
        "text": "بي الباست لازم ت تعلم من الكلام ده"
    },
    {
        "start": 249.3633276740238,
        "end": 263.6078098471986,
        "speaker": "SPEAKER_02",
        "text": "والفنان فعلا لما تقعد تشوف ك الفنان الي ابهجنا وانتعند معقول انهعنيه فرص لعمل في الكبريهاتت ويعمل ملوك ثاني بعد ما عمل هذه الافلام الارتبط باسمه"
    },
    {
        "start": 264.151103565365,
        "end": 266.83361629881153,
        "speaker": "SPEAKER_02",
        "text": "لكنضيف لبنان الصوره دي"
    },
    {
        "start": 267.4787775891341,
        "end": 268.4974533106961,
        "speaker": "SPEAKER_02",
        "text": "رته"
    },
    {
        "start": 268.955857385399,
        "end": 277.00339558573853,
        "speaker": "SPEAKER_00",
        "text": "بعسمالن ماه وعلى يمينه طنط ميربت طت ميرفتجقي بنت خالد بابا وتربط معهم وهي عل"
    },
    {
        "start": 270.05942275042446,
        "end": 270.5857385398981,
        "speaker": "SPEAKER_02",
        "text": ""
    },
    {
        "start": 276.7996604414261,
        "end": 277.2241086587436,
        "speaker": "SPEAKER_02",
        "text": ""
    },
    {
        "start": 277.2241086587436,
        "end": 279.00679117147706,
        "speaker": "SPEAKER_00",
        "text": "ت حلداته"
    },
    {
        "start": 279.00679117147706,
        "end": 279.7538200339559,
        "speaker": "SPEAKER_01",
        "text": "كيه"
    },
    {
        "start": 279.7368421052631,
        "end": 281.4685908319185,
        "speaker": "SPEAKER_02",
        "text": "لح"
    },
    {
        "start": 279.7538200339559,
        "end": 279.9915110356536,
        "speaker": "SPEAKER_00",
        "text": ""
    },
    {
        "start": 279.9915110356536,
        "end": 291.36672325976235,
        "speaker": "SPEAKER_01",
        "text": "عنتبين ومعرفش  لبيرهوكلام من د مدكقور للفنانن بيعملوا اعلانت فور عمل مسلسلت كمان س"
    },
    {
        "start": 282.741935483871,
        "end": 284.2020373514431,
        "speaker": "SPEAKER_02",
        "text": "وعلاات بيره"
    },
    {
        "start": 290.5178268251274,
        "end": 292.99660441426147,
        "speaker": "SPEAKER_02",
        "text": "ياهنك مر"
    },
    {
        "start": 292.99660441426147,
        "end": 301.82512733446526,
        "speaker": "SPEAKER_01",
        "text": "كل الممثلين بعد  ⁇ المصريين كلهم لبنانمن اماعيل ياسين يع"
    },
    {
        "start": 299.5500848896435,
        "end": 300.11035653650254,
        "speaker": "SPEAKER_02",
        "text": "ص"
    },
    {
        "start": 302.50424448217314,
        "end": 303.96434634974537,
        "speaker": "SPEAKER_01",
        "text": "ف"
    },
    {
        "start": 303.2342954159593,
        "end": 303.2682512733446,
        "speaker": "SPEAKER_00",
        "text": ""
    },
    {
        "start": 303.2682512733446,
        "end": 303.7096774193549,
        "speaker": "SPEAKER_02",
        "text": ""
    },
    {
        "start": 305.23769100169784,
        "end": 311.4006791171478,
        "speaker": "SPEAKER_01",
        "text": "كلم بقى بالنسبه للظروف السنن او الفنانين بتوع الزمن الجميل"
    },
    {
        "start": 311.74023769100177,
        "end": 315.73005093378606,
        "speaker": "SPEAKER_01",
        "text": "نا بطلب الدوله انا لازم موضوعل الحقالادا العالمي"
    },
    {
        "start": 316.52801358234296,
        "end": 318.59932088285234,
        "speaker": "SPEAKER_02",
        "text": "وههنا بيقلد عبد الوهاب"
    },
    {
        "start": 316.5449915110356,
        "end": 316.5619694397284,
        "speaker": "SPEAKER_01",
        "text": ""
    },
    {
        "start": 316.5619694397284,
        "end": 316.61290322580646,
        "speaker": "SPEAKER_00",
        "text": ""
    },
    {
        "start": 316.61290322580646,
        "end": 317.00339558573853,
        "speaker": "SPEAKER_01",
        "text": ""
    },
    {
        "start": 317.00339558573853,
        "end": 317.3429541595925,
        "speaker": "SPEAKER_00",
        "text": ""
    },
    {
        "start": 318.1578947368421,
        "end": 318.4804753820034,
        "speaker": "SPEAKER_00",
        "text": "وا"
    },
    {
        "start": 318.85398981324283,
        "end": 320.36502546689303,
        "speaker": "SPEAKER_00",
        "text": "اميا ابنه"
    },
    {
        "start": 320.5517826825128,
        "end": 321.044142614601,
        "speaker": "SPEAKER_02",
        "text": ""
    },
    {
        "start": 321.044142614601,
        "end": 333.2682512733446,
        "speaker": "SPEAKER_00",
        "text": "و كان بيعمل دائما و ابنه الوحيد ودائما بيحبكم بيحتفل بعيد ميلاد بابا في بيته ويعمل لكبير وهو كان بيحب عبد الوهاب ن وكانبدها ي حياته فاكر ان هيطلع عينفي س عبد الواح"
    },
    {
        "start": 322.11375212224107,
        "end": 322.53820033955856,
        "speaker": "SPEAKER_02",
        "text": ""
    },
    {
        "start": 326.5619694397284,
        "end": 326.57894736842104,
        "speaker": "SPEAKER_01",
        "text": ""
    },
    {
        "start": 326.57894736842104,
        "end": 327.1901528013583,
        "speaker": "SPEAKER_02",
        "text": "لجب"
    },
    {
        "start": 333.93039049235995,
        "end": 340.5517826825128,
        "speaker": "SPEAKER_00",
        "text": "ههد الوفعد"
    },
    {
        "start": 333.9983022071308,
        "end": 334.52461799660443,
        "speaker": "SPEAKER_02",
        "text": ""
    },
    {
        "start": 334.69439728353143,
        "end": 335.7979626485569,
        "speaker": "SPEAKER_02",
        "text": "دل"
    },
    {
        "start": 339.85568760611204,
        "end": 340.5008488964346,
        "speaker": "SPEAKER_02",
        "text": ""
    },
    {
        "start": 341.36672325976235,
        "end": 344.93208828522927,
        "speaker": "SPEAKER_02",
        "text": "ه ف كانت بيغلي يعني"
    },
    {
        "start": 344.3718166383701,
        "end": 345.2207130730051,
        "speaker": "SPEAKER_00",
        "text": "عتو"
    },
    {
        "start": 345.2207130730051,
        "end": 347.97113752122243,
        "speaker": "SPEAKER_01",
        "text": "ف و اننيه لنايها"
    },
    {
        "start": 345.78098471986425,
        "end": 345.8828522920204,
        "speaker": "SPEAKER_00",
        "text": ""
    },
    {
        "start": 345.8828522920204,
        "end": 345.9168081494058,
        "speaker": "SPEAKER_02",
        "text": ""
    },
    {
        "start": 345.9168081494058,
        "end": 346.8505942275043,
        "speaker": "SPEAKER_00",
        "text": "يل"
    },
    {
        "start": 348.5653650254669,
        "end": 351.7572156196944,
        "speaker": "SPEAKER_01",
        "text": "ن تحت التراب د الوهات في"
    },
    {
        "start": 348.68421052631584,
        "end": 349.26146010186756,
        "speaker": "SPEAKER_02",
        "text": ""
    },
    {
        "start": 350.31409168081495,
        "end": 351.2648556876061,
        "speaker": "SPEAKER_02",
        "text": "د الوهات"
    },
    {
        "start": 352.2665534804754,
        "end": 369.1595925297114,
        "speaker": "SPEAKER_02",
        "text": "فرح فرهكنيصبحق ل  اداء لعلمهم جداهل كنت مزعنههو محمد رمضان يعتذر بعد كده لما قالافلام اسماعيل ياسين اساءت للجندي المصر يع بس هووضح وع"
    },
    {
        "start": 353.0305602716469,
        "end": 353.1154499151104,
        "speaker": "SPEAKER_01",
        "text": ""
    },
    {
        "start": 355.32258064516134,
        "end": 356.4770797962649,
        "speaker": "SPEAKER_01",
        "text": "ف"
    },
    {
        "start": 367.76740237691,
        "end": 368.4804753820034,
        "speaker": "SPEAKER_01",
        "text": ""
    },
    {
        "start": 369.1595925297114,
        "end": 373.3701188455009,
        "speaker": "SPEAKER_01",
        "text": "اناسبب يعني الموضوع ده انا بطالب"
    },
    {
        "start": 374.0322580645161,
        "end": 381.99490662139226,
        "speaker": "SPEAKER_01",
        "text": "سده لرئيس المتكرره واسماعيل ياسين وخاصه في عيد الفن ليه لاني اسماعيل ياسين"
    },
    {
        "start": 380.53480475382,
        "end": 381.07809847198644,
        "speaker": "SPEAKER_00",
        "text": ""
    }
]