[
    {
        "start": 0.008488964346349746,
        "end": 13.01358234295416,
        "speaker": "SPEAKER_01",
        "text": "معدوش الخيط الرجيع ده فما يبقاش عندنا احساس الشفقى عليه بالعكس احنا عايزين ندعم ونساعده بس مش صعبان علاز"
    },
    {
        "start": 11.281833616298812,
        "end": 11.38370118845501,
        "speaker": "SPEAKER_00",
        "text": ""
    },
    {
        "start": 13.930390492359933,
        "end": 15.814940577249576,
        "speaker": "SPEAKER_01",
        "text": "ععني"
    },
    {
        "start": 16.01867572156197,
        "end": 17.275042444821736,
        "speaker": "SPEAKER_01",
        "text": "احنا اشتربتي يعني"
    },
    {
        "start": 17.66553480475382,
        "end": 39.56706281833616,
        "speaker": "SPEAKER_01",
        "text": "خبط نافيك انت ظهرت في الاول رمن لدي ك الوجه ملاكي ملائكي جميل كيوت لطيفه اه عنده مشكله قاملكلام ده كهجزء فلسطيني فطحتفلن البدايه واسمها خلامانحبها اكثر وبعدين بصراحه ده انت كنت مشيه ده لرجاله كله مفلل يعنينس"
    },
    {
        "start": 38.00509337860781,
        "end": 39.48217317487266,
        "speaker": "SPEAKER_00",
        "text": "الي"
    },
    {
        "start": 40.94227504244482,
        "end": 44.64346349745331,
        "speaker": "SPEAKER_01",
        "text": "ناخربصراحه اوفي النص في النف"
    },
    {
        "start": 44.64346349745331,
        "end": 44.72835314091681,
        "speaker": "SPEAKER_00",
        "text": ""
    },
    {
        "start": 44.72835314091681,
        "end": 44.7962648556876,
        "speaker": "SPEAKER_01",
        "text": ""
    },
    {
        "start": 44.7962648556876,
        "end": 44.830220713073004,
        "speaker": "SPEAKER_00",
        "text": ""
    },
    {
        "start": 44.830220713073004,
        "end": 44.8811544991511,
        "speaker": "SPEAKER_01",
        "text": ""
    },
    {
        "start": 44.8811544991511,
        "end": 44.898132427843805,
        "speaker": "SPEAKER_00",
        "text": ""
    },
    {
        "start": 44.898132427843805,
        "end": 45.18675721561969,
        "speaker": "SPEAKER_01",
        "text": ""
    },
    {
        "start": 44.9830220713073,
        "end": 45.93378607809847,
        "speaker": "SPEAKER_00",
        "text": "اصر يعني"
    },
    {
        "start": 45.93378607809847,
        "end": 49.00679117147708,
        "speaker": "SPEAKER_01",
        "text": "قلوش في الاخر حبناكقى  ات عرب"
    },
    {
        "start": 47.088285229202036,
        "end": 47.41086587436333,
        "speaker": "SPEAKER_00",
        "text": ""
    },
    {
        "start": 49.00679117147708,
        "end": 49.516129032258064,
        "speaker": "SPEAKER_00",
        "text": ""
    },
    {
        "start": 49.516129032258064,
        "end": 49.60101867572156,
        "speaker": "SPEAKER_01",
        "text": ""
    },
    {
        "start": 49.906621392190154,
        "end": 60.246179966044146,
        "speaker": "SPEAKER_00",
        "text": "كلنا بقى عن رام الله والاسمم الاسم هو اختيار المؤلف مهيب طارق ولا بصراحه دي اكثر حجهلى فكره انت بي لي دور اول م ما جاءش كت"
    },
    {
        "start": 60.85738539898133,
        "end": 71.383701188455,
        "speaker": "SPEAKER_00",
        "text": "حسيت انه ايضا ارمله وانا حاسه انا عايزه اعرف الشخص صيدي اكثر وادا اذاكرها وتخيلها ديقك حاجه مهمه قوي اللي هي بالذات بالتفاصيل بتاعتها الشنطه"
    },
    {
        "start": 71.92699490662139,
        "end": 75.0848896434635,
        "speaker": "SPEAKER_00",
        "text": "ومشد مكتوبعليها ارمله والخريطه وكل التفاصيل"
    },
    {
        "start": 75.54329371816638,
        "end": 78.6672325976231,
        "speaker": "SPEAKER_00",
        "text": "ا دي كلها حاجات ساعدتني ان انا افهمرمضان لا اكث"
    },
    {
        "start": 79.10865874363327,
        "end": 81.9949066213922,
        "speaker": "SPEAKER_00",
        "text": "شخصيه برده مركبه قوي وده اللي خلانا"
    }
]