[
    {
        "start": 0.7724957555178269,
        "end": 2.8438030560271645,
        "speaker": "SPEAKER_02",
        "text": "ع الاستاذه امنىقطب"
    },
    {
        "start": 3.0135823429541597,
        "end": 4.422750424448218,
        "speaker": "SPEAKER_02",
        "text": "منتجه اعلىم حضرتكك"
    },
    {
        "start": 6.765704584040748,
        "end": 16.918505942275047,
        "speaker": "SPEAKER_02",
        "text": "ه ستاذا مون اهلا بحضرتك هو الصوت احنا على الهووطش وار  اهلا جعهلا بحضرتك مبروك على المسلسل ل ومعي بطال العمل كلهم النهارد"
    },
    {
        "start": 10.212224108658745,
        "end": 11.061120543293718,
        "speaker": "SPEAKER_00",
        "text": "احنا حل اله"
    },
    {
        "start": 13.828522920203737,
        "end": 14.168081494057725,
        "speaker": "SPEAKER_00",
        "text": ""
    },
    {
        "start": 17.512733446519526,
        "end": 21.230899830220714,
        "speaker": "SPEAKER_02",
        "text": "ف انا عارفه واللهي وان شاء ا"
    },
    {
        "start": 17.903225806451616,
        "end": 18.480475382003398,
        "speaker": "SPEAKER_00",
        "text": "انا "
    },
    {
        "start": 19.617996604414266,
        "end": 20.178268251273344,
        "speaker": "SPEAKER_00",
        "text": ""
    },
    {
        "start": 21.926994906621395,
        "end": 28.955857385398986,
        "speaker": "SPEAKER_02",
        "text": "عمنا حاجه مشرفهيا رب تكون مع جابك  النا الناس بطواع بجزءثاني ممكن تفكر في حاجه زي كده ولا لا"
    },
    {
        "start": 29.159592529711375,
        "end": 31.723259762309,
        "speaker": "SPEAKER_02",
        "text": "ا شاء الب نحاوطب اي"
    },
    {
        "start": 32.096774193548384,
        "end": 32.26655348047538,
        "speaker": "SPEAKER_02",
        "text": ""
    },
    {
        "start": 33.67572156196944,
        "end": 38.276740237691,
        "speaker": "SPEAKER_02",
        "text": "د بر معلومه يعني ولا لسه ل"
    },
    {
        "start": 35.61120543293718,
        "end": 36.511035653650254,
        "speaker": "SPEAKER_00",
        "text": ""
    },
    {
        "start": 37.054329371816635,
        "end": 37.241086587436335,
        "speaker": "SPEAKER_00",
        "text": ""
    },
    {
        "start": 38.735144312393885,
        "end": 46.91850594227504,
        "speaker": "SPEAKER_02",
        "text": "بنفكر بتفكرني من النكوم عه مواين الاو كلمام على الهوو"
    },
    {
        "start": 43.38709677419355,
        "end": 43.99830220713073,
        "speaker": "SPEAKER_00",
        "text": "تلب"
    },
    {
        "start": 43.99830220713073,
        "end": 44.21901528013582,
        "speaker": "SPEAKER_01",
        "text": ""
    },
    {
        "start": 45.98471986417657,
        "end": 47.12224108658744,
        "speaker": "SPEAKER_00",
        "text": ""
    },
    {
        "start": 47.631578947368425,
        "end": 48.4125636672326,
        "speaker": "SPEAKER_01",
        "text": ""
    },
    {
        "start": 49.07470288624788,
        "end": 68.00509337860782,
        "speaker": "SPEAKER_01",
        "text": "عجزء ثانيده قرار زاه مش كده برده ما دامونا رار اا مه  ي حاجهركر هل ونازمي يبقىقراربتعمل حسانب حاجات كثيره جدا لشن تبقى وضحه ون سجه  ن حاله ثني"
    },
    {
        "start": 49.125636672325975,
        "end": 49.397283531409165,
        "speaker": "SPEAKER_02",
        "text": ""
    },
    {
        "start": 51.41765704584041,
        "end": 52.911714770797964,
        "speaker": "SPEAKER_00",
        "text": ""
    },
    {
        "start": 55.61120543293718,
        "end": 60.00848896434635,
        "speaker": "SPEAKER_00",
        "text": "رار اقالبفي حاج"
    },
    {
        "start": 60.00848896434635,
        "end": 60.77249575551783,
        "speaker": "SPEAKER_02",
        "text": "ي "
    },
    {
        "start": 60.77249575551783,
        "end": 60.78947368421053,
        "speaker": "SPEAKER_00",
        "text": ""
    },
    {
        "start": 60.78947368421053,
        "end": 60.94227504244482,
        "speaker": "SPEAKER_02",
        "text": ""
    },
    {
        "start": 60.94227504244482,
        "end": 60.993208828522924,
        "speaker": "SPEAKER_00",
        "text": ""
    },
    {
        "start": 66.05263157894737,
        "end": 66.10356536502547,
        "speaker": "SPEAKER_02",
        "text": ""
    },
    {
        "start": 66.10356536502547,
        "end": 66.12054329371816,
        "speaker": "SPEAKER_00",
        "text": ""
    },
    {
        "start": 66.12054329371816,
        "end": 69.39728353140916,
        "speaker": "SPEAKER_02",
        "text": "احاه ثمنفل النت"
    },
    {
        "start": 68.00509337860782,
        "end": 69.29541595925298,
        "speaker": "SPEAKER_00",
        "text": "المت"
    },
    {
        "start": 69.29541595925298,
        "end": 69.32937181663837,
        "speaker": "SPEAKER_01",
        "text": ""
    },
    {
        "start": 69.32937181663837,
        "end": 69.34634974533108,
        "speaker": "SPEAKER_00",
        "text": ""
    },
    {
        "start": 70.21222410865875,
        "end": 71.07809847198641,
        "speaker": "SPEAKER_00",
        "text": "احه"
    },
    {
        "start": 70.26315789473685,
        "end": 70.97623089983023,
        "speaker": "SPEAKER_02",
        "text": ""
    },
    {
        "start": 71.5874363327674,
        "end": 77.20713073005095,
        "speaker": "SPEAKER_00",
        "text": "يت صر قعنيرب"
    },
    {
        "start": 73.03056027164686,
        "end": 73.42105263157896,
        "speaker": "SPEAKER_01",
        "text": ""
    },
    {
        "start": 75.5263157894737,
        "end": 77.12224108658745,
        "speaker": "SPEAKER_01",
        "text": "يعني تقريبا"
    },
    {
        "start": 77.83531409168083,
        "end": 81.04414261460101,
        "speaker": "SPEAKER_00",
        "text": ""
    },
    {
        "start": 78.9728353140917,
        "end": 79.77079796264857,
        "speaker": "SPEAKER_01",
        "text": ""
    },
    {
        "start": 80.61969439728352,
        "end": 88.6332767402377,
        "speaker": "SPEAKER_01",
        "text": "ركره احنا عايزين النشكرك كمان حد يا جماع مش عايزين نن س ابدا  اشم فك"
    },
    {
        "start": 86.37521222410865,
        "end": 86.47707979626486,
        "speaker": "SPEAKER_00",
        "text": ""
    },
    {
        "start": 87.64855687606112,
        "end": 88.46349745331071,
        "speaker": "SPEAKER_00",
        "text": ""
    },
    {
        "start": 88.6332767402377,
        "end": 88.92190152801359,
        "speaker": "SPEAKER_00",
        "text": ""
    },
    {
        "start": 89.53310696095076,
        "end": 89.60101867572158,
        "speaker": "SPEAKER_00",
        "text": ""
    },
    {
        "start": 89.60101867572158,
        "end": 90.73853989813242,
        "speaker": "SPEAKER_01",
        "text": ""
    },
    {
        "start": 89.65195246179965,
        "end": 89.66893039049236,
        "speaker": "SPEAKER_00",
        "text": ""
    },
    {
        "start": 89.70288624787776,
        "end": 90.61969439728352,
        "speaker": "SPEAKER_00",
        "text": "ل"
    },
    {
        "start": 90.73853989813242,
        "end": 90.80645161290323,
        "speaker": "SPEAKER_00",
        "text": ""
    },
    {
        "start": 91.8081494057725,
        "end": 94.67741935483872,
        "speaker": "SPEAKER_01",
        "text": "افح المخرج المنفذ ل"
    },
    {
        "start": 94.15110356536502,
        "end": 94.89813242784379,
        "speaker": "SPEAKER_00",
        "text": ""
    },
    {
        "start": 95.59422750424449,
        "end": 95.6960950764007,
        "speaker": "SPEAKER_00",
        "text": ""
    },
    {
        "start": 95.6960950764007,
        "end": 97.86926994906622,
        "speaker": "SPEAKER_01",
        "text": ""
    },
    {
        "start": 95.71307300509338,
        "end": 95.73005093378609,
        "speaker": "SPEAKER_00",
        "text": ""
    },
    {
        "start": 95.73005093378609,
        "end": 96.71477079796264,
        "speaker": "SPEAKER_02",
        "text": "عنش"
    },
    {
        "start": 96.71477079796264,
        "end": 100.16129032258064,
        "speaker": "SPEAKER_00",
        "text": "لاعيل داشوي"
    },
    {
        "start": 100.16129032258064,
        "end": 103.72665534804753,
        "speaker": "SPEAKER_01",
        "text": "ي ب لاشا ان"
    },
    {
        "start": 103.20033955857386,
        "end": 104.7792869269949,
        "speaker": "SPEAKER_00",
        "text": "الجيوو"
    },
    {
        "start": 103.89643463497453,
        "end": 114.18505942275041,
        "speaker": "SPEAKER_01",
        "text": "وف فريق فريق لاخراج سلطن وكل لمجموعد اللي لكط"
    },
    {
        "start": 105.89983022071308,
        "end": 106.15449915110358,
        "speaker": "SPEAKER_00",
        "text": ""
    },
    {
        "start": 108.76910016977928,
        "end": 110.99320882852291,
        "speaker": "SPEAKER_00",
        "text": "لل "
    },
    {
        "start": 110.99320882852291,
        "end": 113.98132427843802,
        "speaker": "SPEAKER_02",
        "text": "ال كمحجقو"
    },
    {
        "start": 114.13412563667234,
        "end": 126.83361629881153,
        "speaker": "SPEAKER_02",
        "text": "بصر جالنا برده لن ازي دي س الوسي بت عممنصملر مؤلجابت بتع"
    },
    {
        "start": 121.06112054329373,
        "end": 123.23429541595925,
        "speaker": "SPEAKER_01",
        "text": "د"
    },
    {
        "start": 123.99830220713073,
        "end": 127.8013582342954,
        "speaker": "SPEAKER_01",
        "text": "مؤببعفج"
    },
    {
        "start": 128.42954159592531,
        "end": 130.33106960950764,
        "speaker": "SPEAKER_01",
        "text": "باتف ب"
    },
    {
        "start": 130.33106960950764,
        "end": 130.84040747028862,
        "speaker": "SPEAKER_00",
        "text": ""
    },
    {
        "start": 130.60271646859084,
        "end": 130.63667232597624,
        "speaker": "SPEAKER_01",
        "text": ""
    },
    {
        "start": 130.65365025466895,
        "end": 130.78947368421055,
        "speaker": "SPEAKER_01",
        "text": ""
    },
    {
        "start": 130.84040747028862,
        "end": 130.85738539898134,
        "speaker": "SPEAKER_01",
        "text": ""
    },
    {
        "start": 131.7911714770798,
        "end": 133.91341256366724,
        "speaker": "SPEAKER_01",
        "text": "ان"
    },
    {
        "start": 132.0458404074703,
        "end": 133.77758913412563,
        "speaker": "SPEAKER_02",
        "text": "ل"
    },
    {
        "start": 134.830220713073,
        "end": 136.56196943972836,
        "speaker": "SPEAKER_00",
        "text": ""
    },
    {
        "start": 137.15619694397284,
        "end": 138.25976230899832,
        "speaker": "SPEAKER_00",
        "text": "ي ك"
    },
    {
        "start": 137.59762308998305,
        "end": 140.19524617996606,
        "speaker": "SPEAKER_01",
        "text": ""
    },
    {
        "start": 139.3123938879457,
        "end": 139.34634974533108,
        "speaker": "SPEAKER_02",
        "text": ""
    },
    {
        "start": 140.53480475382005,
        "end": 140.92529711375212,
        "speaker": "SPEAKER_01",
        "text": ""
    },
    {
        "start": 140.92529711375212,
        "end": 146.0016977928693,
        "speaker": "SPEAKER_02",
        "text": "كمان ف اساعدون بيقول سوسل بدره عملاقه كل الحب و الاحترام"
    }
]