[
    {
        "start": 0.008488964346349746,
        "end": 0.07640067911714771,
        "speaker": "SPEAKER_00",
        "text": ""
    },
    {
        "start": 0.704584040747029,
        "end": 6.0696095076400685,
        "speaker": "SPEAKER_00",
        "text": "هوتف في مراحل كثير قوي فكان اول سؤال سؤال ناها وحنا عايزين"
    },
    {
        "start": 1.6383701188455009,
        "end": 2.1137521222410864,
        "speaker": "SPEAKER_01",
        "text": "ز مر"
    }
]