[
    {
        "start": 0.008488964346349746,
        "end": 0.534804753820034,
        "speaker": "SPEAKER_00",
        "text": "و"
    },
    {
        "start": 0.8913412563667233,
        "end": 2.2835314091680816,
        "speaker": "SPEAKER_00",
        "text": "يبشعري اتن"
    },
    {
        "start": 2.6910016977928692,
        "end": 14.966044142614601,
        "speaker": "SPEAKER_00",
        "text": "في نفس الوقت في النهايه  و بصيت على المسلسل مش اككشف ان هو لا يخلو من قاي عنصر من عناصر الجازو يعني حبو يا دايا"
    },
    {
        "start": 13.217317487266554,
        "end": 14.609507640067912,
        "speaker": "SPEAKER_01",
        "text": "يت "
    },
    {
        "start": 15.407470288624788,
        "end": 15.831918505942276,
        "speaker": "SPEAKER_00",
        "text": ""
    },
    {
        "start": 16.32427843803056,
        "end": 22.33446519524618,
        "speaker": "SPEAKER_00",
        "text": "ل التفاصيل دي الحمد لله ربنا اكرمنا مجموعت عملمميزه جدا جدا جدا جدا"
    },
    {
        "start": 22.860780984719867,
        "end": 29.159592529711375,
        "speaker": "SPEAKER_00",
        "text": "مم اولها دي كمان الحياه الاباحين بقر مجهود  الظوسقوط كمال المنص"
    },
    {
        "start": 29.787775891341255,
        "end": 32.99660441426146,
        "speaker": "SPEAKER_00",
        "text": "اللعاكثرد من رئع مدير التصوير"
    }
]