[
    {
        "start": 0.008488964346349746,
        "end": 5.577249575551782,
        "speaker": "SPEAKER_00",
        "text": "لوقت بس احنا بقى لنا جيء ري على قه بالدراما وليها دعوه باللي بيحصل حنن ن ⁇  سنه"
    },
    {
        "start": 6.052631578947368,
        "end": 10.568760611205434,
        "speaker": "SPEAKER_00",
        "text": "نصدر فكره افي حاجات كثير مش مووده في حياتنا حب"
    },
    {
        "start": 11.672325976230901,
        "end": 14.04923599320883,
        "speaker": "SPEAKER_00",
        "text": "ا اللمت كانسى تخري وسامح"
    },
    {
        "start": 14.69439728353141,
        "end": 32.33446519524618,
        "speaker": "SPEAKER_00",
        "text": "في حاجات قينا حاظ حطيناها كده  الرجل شكل وطل شكلن كل وقل كلهعللا هاقول لك انا  اول ما فيش حاجه اسمها لا احنا اللعملنها كد س احنامين"
    },
    {
        "start": 18.191850594227503,
        "end": 20.840407470288625,
        "speaker": "SPEAKER_01",
        "text": "الشكل ولق ب عشكل احنا"
    },
    {
        "start": 21.112054329371816,
        "end": 21.315789473684212,
        "speaker": "SPEAKER_01",
        "text": ""
    },
    {
        "start": 23.183361629881155,
        "end": 23.879456706281836,
        "speaker": "SPEAKER_01",
        "text": "ل"
    },
    {
        "start": 24.06621392190153,
        "end": 26.494057724957557,
        "speaker": "SPEAKER_01",
        "text": "ل"
    },
    {
        "start": 27.10526315789474,
        "end": 27.427843803056028,
        "speaker": "SPEAKER_01",
        "text": ""
    },
    {
        "start": 32.65704584040747,
        "end": 38.63327674023769,
        "speaker": "SPEAKER_00",
        "text": "انا بشوف مش احنا كناس الثانورين اللي مفروض كان مصدره لنا"
    },
    {
        "start": 39.53310696095076,
        "end": 46.544991511035654,
        "speaker": "SPEAKER_00",
        "text": "صح او مش هتشحن العلاج للامودي قاو بيقول ونا السه في امل تكبو العروسه"
    },
    {
        "start": 46.884550084889646,
        "end": 62.945670628183365,
        "speaker": "SPEAKER_00",
        "text": "هو في حاجات حصل في تالناس مش عايشه هيوارد يعنني يعني في طعم في حاجات بتحصلواحد يمقى  حطه اكرم ده البهدل علشانيقدر يلاقي نقطه يربتدي من"
    },
    {
        "start": 52.60611205432937,
        "end": 52.64006791171477,
        "speaker": "SPEAKER_01",
        "text": ""
    },
    {
        "start": 52.69100169779287,
        "end": 53.01358234295416,
        "speaker": "SPEAKER_01",
        "text": ""
    },
    {
        "start": 54.76230899830221,
        "end": 56.95246179966044,
        "speaker": "SPEAKER_01",
        "text": "يم"
    },
    {
        "start": 63.455008488964346,
        "end": 66.90152801358235,
        "speaker": "SPEAKER_00",
        "text": "في الصد ان الناساللي بتعمل الدرام"
    },
    {
        "start": 67.32597623089984,
        "end": 77.25806451612902,
        "speaker": "SPEAKER_00",
        "text": "ي لها دور ودور جايمن عند ربنا من عنده غرض الده اللي انت تبقي بتستخدمي علامك اانتي تغيري ف اللي حواليك"
    },
    {
        "start": 77.68251273344652,
        "end": 80.99320882852291,
        "speaker": "SPEAKER_00",
        "text": "وتغيري هم حابين م انا مبسوتن"
    }
]