[
    {
        "start": 0.008488964346349746,
        "end": 42.758913412563665,
        "speaker": "SPEAKER_02",
        "text": "انا وغده عبد الرازق قانون المرادبغي وراء عملت معهم وبعد كده اشتغلت انا قوالحناوي ده العمل الخامس مايه يعني العمل التتوعي عظيم طبيبنا طبعا طبعا من بعض كمان احنا لنه دول ومعنا محمد شفيق وهو الصوطيعني هومديالتصوير ومدضههعع عدكده الش نتسوطعبعا ما تعرفش كنت بتشتغل بريا محل معشرك عايزه تقلبولوش شركه مو تراك باي شكل من الاشكال حاجه تاخذ جائزه شكلك مش جا دمعبت"
    },
    {
        "start": 3.3870967741935485,
        "end": 3.6247877758913414,
        "speaker": "SPEAKER_00",
        "text": ""
    },
    {
        "start": 7.648556876061122,
        "end": 8.225806451612904,
        "speaker": "SPEAKER_00",
        "text": ""
    },
    {
        "start": 8.395585738539898,
        "end": 8.429541595925297,
        "speaker": "SPEAKER_00",
        "text": ""
    },
    {
        "start": 9.108658743633278,
        "end": 11.162988115449917,
        "speaker": "SPEAKER_00",
        "text": "كيا عظين مه طبعي"
    },
    {
        "start": 18.98981324278438,
        "end": 19.32937181663837,
        "speaker": "SPEAKER_00",
        "text": ""
    },
    {
        "start": 21.230899830220714,
        "end": 24.117147707979626,
        "speaker": "SPEAKER_00",
        "text": "هد ع"
    },
    {
        "start": 25.1528013582343,
        "end": 25.679117147707984,
        "speaker": "SPEAKER_00",
        "text": ""
    },
    {
        "start": 30.721561969439733,
        "end": 30.823429541595928,
        "speaker": "SPEAKER_00",
        "text": ""
    },
    {
        "start": 42.758913412563665,
        "end": 43.59083191850594,
        "speaker": "SPEAKER_01",
        "text": "عا كانت جا"
    },
    {
        "start": 43.59083191850594,
        "end": 53.964346349745334,
        "speaker": "SPEAKER_02",
        "text": "لاكر صبجدداججده جداليه عندنا في العمل ده لازم يعني كلنا برده ده انت بايله منا"
    },
    {
        "start": 43.74363327674024,
        "end": 43.91341256366723,
        "speaker": "SPEAKER_01",
        "text": ""
    },
    {
        "start": 43.93039049235993,
        "end": 43.99830220713073,
        "speaker": "SPEAKER_01",
        "text": ""
    },
    {
        "start": 46.86757215619694,
        "end": 48.20882852292021,
        "speaker": "SPEAKER_01",
        "text": "دا"
    },
    {
        "start": 48.20882852292021,
        "end": 48.259762308998305,
        "speaker": "SPEAKER_00",
        "text": ""
    },
    {
        "start": 48.259762308998305,
        "end": 48.276740237691,
        "speaker": "SPEAKER_01",
        "text": ""
    },
    {
        "start": 48.276740237691,
        "end": 48.446519524618,
        "speaker": "SPEAKER_00",
        "text": ""
    },
    {
        "start": 54.76230899830221,
        "end": 83.98132427843802,
        "speaker": "SPEAKER_02",
        "text": "اشف الست ال اسمهل بس مشمكن على شغلها ولا بشرتها مرار اللي عمل شغل الكتنج لانه بن معد ما فر الجوم للصف الاول والثاني بتع يبقى عندك مجموعه من الشباب ومجموعه من الادوار المهمه عايز تسكنا دي شغلاه مهمه يعني مش دائمعندا شزا ما بتقول وبغت سم تبقى امكر كثن لشبابد كحاجهعجحجت برد"
    },
    {
        "start": 62.555178268251275,
        "end": 63.217317487266556,
        "speaker": "SPEAKER_00",
        "text": ""
    },
    {
        "start": 74.93208828522921,
        "end": 75.33955857385399,
        "speaker": "SPEAKER_01",
        "text": ""
    },
    {
        "start": 76.64685908319186,
        "end": 80.51782682512734,
        "speaker": "SPEAKER_01",
        "text": "ر عواوناتث"
    },
    {
        "start": 82.1986417657046,
        "end": 85.33955857385399,
        "speaker": "SPEAKER_01",
        "text": "حاجحجبرد لازم شيبها"
    },
    {
        "start": 85.67911714770798,
        "end": 86.49405772495757,
        "speaker": "SPEAKER_01",
        "text": "ان"
    },
    {
        "start": 86.59592529711375,
        "end": 91.17996604414262,
        "speaker": "SPEAKER_01",
        "text": "لا شبنا ولمهو هذا المسلسل لمانكالم علىي خ ⁇  ن حلقه"
    },
    {
        "start": 91.553480475382,
        "end": 97.44482173174873,
        "speaker": "SPEAKER_01",
        "text": "س في زخم في الاحداث وب التاليما بنيحسش في لحظهناه علان كل يوم لعيد مع اليوصه دي مشكله"
    },
    {
        "start": 93.25127334465196,
        "end": 93.70967741935485,
        "speaker": "SPEAKER_00",
        "text": "جتلي"
    },
    {
        "start": 97.49575551782684,
        "end": 103.77758913412563,
        "speaker": "SPEAKER_01",
        "text": "وفيهاذا الاطار خليوهم مرحب بقى منمؤلف ان انا علىد النتوعالا على الهاتفيا استاذ محمد مساء الخ"
    },
    {
        "start": 97.52971137521223,
        "end": 97.98811544991511,
        "speaker": "SPEAKER_00",
        "text": ""
    },
    {
        "start": 100.00848896434636,
        "end": 102.36842105263159,
        "speaker": "SPEAKER_00",
        "text": "نا علا د ل علىا"
    },
    {
        "start": 107.10526315789474,
        "end": 107.68251273344652,
        "speaker": "SPEAKER_01",
        "text": "حد"
    },
    {
        "start": 110.17826825127335,
        "end": 112.0288624787776,
        "speaker": "SPEAKER_01",
        "text": "لبقلي فمسلسل جي ع"
    },
    {
        "start": 110.33106960950764,
        "end": 110.60271646859084,
        "speaker": "SPEAKER_00",
        "text": "ب"
    },
    {
        "start": 111.17996604414262,
        "end": 111.553480475382,
        "speaker": "SPEAKER_00",
        "text": ""
    },
    {
        "start": 113.91341256366724,
        "end": 123.03056027164686,
        "speaker": "SPEAKER_01",
        "text": "بت ص ل لحاولتجعل مره ثانيلا ل حيه فعلا لازم احقيلهانه صعب  ⁇  و حلقه يفضلوا كلوهحم ي"
    },
    {
        "start": 114.7792869269949,
        "end": 114.81324278438032,
        "speaker": "SPEAKER_02",
        "text": ""
    },
    {
        "start": 114.81324278438032,
        "end": 115.06791171477079,
        "speaker": "SPEAKER_00",
        "text": ""
    },
    {
        "start": 115.06791171477079,
        "end": 115.11884550084889,
        "speaker": "SPEAKER_02",
        "text": ""
    },
    {
        "start": 121.8590831918506,
        "end": 123.26825127334465,
        "speaker": "SPEAKER_00",
        "text": "لا حسل حقي"
    },
    {
        "start": 123.26825127334465,
        "end": 127.22410865874363,
        "speaker": "SPEAKER_01",
        "text": "اللي قلته لحضرته اللي هي دورين"
    },
    {
        "start": 126.06960950764008,
        "end": 126.61290322580646,
        "speaker": "SPEAKER_00",
        "text": ""
    },
    {
        "start": 126.68081494057725,
        "end": 127.24108658743634,
        "speaker": "SPEAKER_00",
        "text": ""
    },
    {
        "start": 127.24108658743634,
        "end": 130.05942275042446,
        "speaker": "SPEAKER_01",
        "text": "دي حالا اسمعمل كذا حد هنا شخصيه وقاد فيه"
    },
    {
        "start": 129.97453310696096,
        "end": 130.38200339558574,
        "speaker": "SPEAKER_00",
        "text": ""
    },
    {
        "start": 130.33106960950764,
        "end": 143.55687606112056,
        "speaker": "SPEAKER_01",
        "text": "لي هو بقى اتفرج وا خلصت الحلقه لا دوستنس عايز عرف اللي حصلول سعايز اعرفي اللي حصل لثاني واحد بيفرقبلاي نفسه دخل في  ⁇  حلقات وراء بعض لتا رجع لنا مر تلس محمد الحناوي الكاتب والمؤلف محمد مساء الخ"
    },
    {
        "start": 135.6451612903226,
        "end": 136.0865874363328,
        "speaker": "SPEAKER_00",
        "text": ""
    },
    {
        "start": 138.8539898132428,
        "end": 139.26146010186758,
        "speaker": "SPEAKER_00",
        "text": ""
    },
    {
        "start": 144.03225806451613,
        "end": 145.5942275042445,
        "speaker": "SPEAKER_00",
        "text": "ك يور فند"
    },
    {
        "start": 144.84719864176571,
        "end": 145.89983022071308,
        "speaker": "SPEAKER_01",
        "text": "لا دمع"
    },
    {
        "start": 146.32427843803057,
        "end": 147.63157894736844,
        "speaker": "SPEAKER_01",
        "text": "الكلم لاغما"
    },
    {
        "start": 147.83531409168083,
        "end": 147.85229202037354,
        "speaker": "SPEAKER_01",
        "text": ""
    },
    {
        "start": 147.85229202037354,
        "end": 147.88624787775893,
        "speaker": "SPEAKER_00",
        "text": ""
    },
    {
        "start": 147.88624787775893,
        "end": 149.4482173174873,
        "speaker": "SPEAKER_01",
        "text": "ولهي الا"
    },
    {
        "start": 147.92020373514433,
        "end": 150.04244482173175,
        "speaker": "SPEAKER_00",
        "text": "واللهات الن"
    },
    {
        "start": 150.04244482173175,
        "end": 163.52292020373517,
        "speaker": "SPEAKER_01",
        "text": "شاء الله لازم احييك بصراحه لسه باقول ان  ⁇  حلقه كلهم مشدودين و كلهم فيهمزخم في الاحداث ويشد واحد من الاول لاخر ودي ميزه وعيب في نفس الوقت من اللي بيتفرج على وسط  ر"
    },
    {
        "start": 161.9609507640068,
        "end": 165.1528013582343,
        "speaker": "SPEAKER_00",
        "text": "لقهعكالربني ينفي"
    },
    {
        "start": 165.3735144312394,
        "end": 176.15449915110358,
        "speaker": "SPEAKER_01",
        "text": "ل والله بحك فعلا بسد قل لي حرفيه النكتسصيع كل هذه المشاكل والتحديات اللي في الحلقهاتدي كلها مع بعض من هذه السلاسه ده ما كنش سهله ك"
    },
    {
        "start": 177.17317487266556,
        "end": 180.33106960950767,
        "speaker": "SPEAKER_00",
        "text": "اكيد م كانش تلاهل غ يعني قبل ماتكلم ناتيه"
    },
    {
        "start": 180.58573853989813,
        "end": 182.84380305602718,
        "speaker": "SPEAKER_00",
        "text": "يعني هونا عايز بساقول مدخل صغيا"
    },
    {
        "start": 183.14940577249575,
        "end": 185.9507640067912,
        "speaker": "SPEAKER_00",
        "text": "يعني اشالافي الدرامابىلي ه"
    },
    {
        "start": 186.15449915110358,
        "end": 193.50594227504246,
        "speaker": "SPEAKER_00",
        "text": "وظهوري في الاعلان قلهال جدا يممكن اكون صغير ثلث اربع مرات وده  عندي يعني المره دي انا غيران بصر"
    },
    {
        "start": 193.81154499151106,
        "end": 208.8879456706282,
        "speaker": "SPEAKER_00",
        "text": "يرامن حلقهاجمين  والصحبه الحلوه قوي قوي قوي وخصوصا مع الاستاذ رامي لان انا حبك جدا جداصيد والله وانا مش بتاع وما عرفن الله يخليك الحاجه الثانيه بصوت خالد الاستاذه صابرين"
    },
    {
        "start": 200.92529711375212,
        "end": 202.99660441426147,
        "speaker": "SPEAKER_01",
        "text": "صدواله"
    },
    {
        "start": 205.11884550084892,
        "end": 205.6960950764007,
        "speaker": "SPEAKER_01",
        "text": "ي لحاه"
    },
    {
        "start": 209.1086587436333,
        "end": 211.9949066213922,
        "speaker": "SPEAKER_00",
        "text": "دور مينقمبتاع النجوم اللي ممكن"
    }
]