[
    {
        "start": 0.008488964346349746,
        "end": 0.6706281833616299,
        "speaker": "SPEAKER_01",
        "text": "ا"
    },
    {
        "start": 1.1460101867572157,
        "end": 2.9966044142614603,
        "speaker": "SPEAKER_01",
        "text": "لتلالعمي"
    },
    {
        "start": 2.9966044142614603,
        "end": 6.154499151103565,
        "speaker": "SPEAKER_00",
        "text": "با ن نكي حس ب"
    },
    {
        "start": 6.256366723259763,
        "end": 11.842105263157896,
        "speaker": "SPEAKER_02",
        "text": "اكثر مشهتعت كلكم و يعني و في لمسل"
    },
    {
        "start": 12.062818336162989,
        "end": 14.932088285229202,
        "speaker": "SPEAKER_00",
        "text": "هو غلبا المشهاد الل بيبقى فيها كلنا كل الع"
    },
    {
        "start": 14.67741935483871,
        "end": 15.35653650254669,
        "speaker": "SPEAKER_02",
        "text": "امطته"
    },
    {
        "start": 15.35653650254669,
        "end": 17.529711375212223,
        "speaker": "SPEAKER_00",
        "text": "و يماشكده"
    },
    {
        "start": 15.780984719864177,
        "end": 21.146010186757216,
        "speaker": "SPEAKER_02",
        "text": "بقى اكده في حد بيسقط حد ييقول حاجه اواحد بتحصل حاجه"
    },
    {
        "start": 21.587436332767403,
        "end": 21.99490662139219,
        "speaker": "SPEAKER_02",
        "text": ""
    },
    {
        "start": 21.99490662139219,
        "end": 25.0,
        "speaker": "SPEAKER_01",
        "text": "فاى قو يعني ناح"
    },
    {
        "start": 22.843803056027163,
        "end": 23.522920203735147,
        "speaker": "SPEAKER_02",
        "text": ""
    },
    {
        "start": 25.0,
        "end": 25.339558573853992,
        "speaker": "SPEAKER_02",
        "text": ""
    },
    {
        "start": 25.339558573853992,
        "end": 25.373514431239393,
        "speaker": "SPEAKER_01",
        "text": ""
    },
    {
        "start": 25.916808149405774,
        "end": 31.16298811544992,
        "speaker": "SPEAKER_00",
        "text": "الخناانا اللي هو اللي تعرض ده اللي  كان في كده حدس"
    },
    {
        "start": 29.80475382003396,
        "end": 33.04753820033956,
        "speaker": "SPEAKER_02",
        "text": "يحوضحك على نادي"
    },
    {
        "start": 34.541595925297116,
        "end": 39.02376910016978,
        "speaker": "SPEAKER_02",
        "text": "با يعني انت لسه عريس جديد مش كدهحمل عمد"
    },
    {
        "start": 37.37691001697793,
        "end": 44.64346349745331,
        "speaker": "SPEAKER_00",
        "text": "ل ريهمشرتلمن يه الاسئله ديمقعلى فكره دي محه خالج"
    },
    {
        "start": 42.555178268251275,
        "end": 54.33786078098472,
        "speaker": "SPEAKER_02",
        "text": "د مش خالب فس ه يعني انت من شهر  ⁇ ا  بتعدي على صعوبعست شور الحمد لله يعني منتحن"
    },
    {
        "start": 45.0509337860781,
        "end": 46.79966044142615,
        "speaker": "SPEAKER_00",
        "text": "ا   "
    },
    {
        "start": 50.26315789473684,
        "end": 51.468590831918505,
        "speaker": "SPEAKER_00",
        "text": "ل ست شر"
    },
    {
        "start": 52.77589134125637,
        "end": 53.91341256366724,
        "speaker": "SPEAKER_00",
        "text": "تالز"
    },
    {
        "start": 55.594227504244486,
        "end": 58.02207130730051,
        "speaker": "SPEAKER_02",
        "text": "حم"
    },
    {
        "start": 55.882852292020374,
        "end": 57.93718166383701,
        "speaker": "SPEAKER_00",
        "text": "م"
    },
    {
        "start": 58.97283531409168,
        "end": 59.550084889643465,
        "speaker": "SPEAKER_02",
        "text": ""
    },
    {
        "start": 60.31409168081494,
        "end": 64.42275042444822,
        "speaker": "SPEAKER_02",
        "text": "م ما فيش لا صورهيح"
    },
    {
        "start": 62.826825127334466,
        "end": 68.17487266553479,
        "speaker": "SPEAKER_00",
        "text": "اثر ير في الدنيا لي مش عارف الافراح"
    },
    {
        "start": 68.0560271646859,
        "end": 71.75721561969439,
        "speaker": "SPEAKER_02",
        "text": "تسانا ي البنت  بتضحكك عروسك اسماع ندن"
    },
    {
        "start": 71.75721561969439,
        "end": 72.52122241086587,
        "speaker": "SPEAKER_00",
        "text": "مدي"
    },
    {
        "start": 72.52122241086587,
        "end": 73.55687606112053,
        "speaker": "SPEAKER_02",
        "text": "وث"
    },
    {
        "start": 72.96264855687608,
        "end": 74.33786078098473,
        "speaker": "SPEAKER_00",
        "text": "دين"
    },
    {
        "start": 74.33786078098473,
        "end": 74.6095076400679,
        "speaker": "SPEAKER_02",
        "text": ""
    },
    {
        "start": 74.6095076400679,
        "end": 75.93378607809848,
        "speaker": "SPEAKER_00",
        "text": "اه"
    },
    {
        "start": 75.20373514431239,
        "end": 75.59422750424449,
        "speaker": "SPEAKER_02",
        "text": ""
    },
    {
        "start": 75.93378607809848,
        "end": 76.01867572156198,
        "speaker": "SPEAKER_02",
        "text": ""
    },
    {
        "start": 76.01867572156198,
        "end": 76.08658743633276,
        "speaker": "SPEAKER_00",
        "text": ""
    },
    {
        "start": 76.08658743633276,
        "end": 76.13752122241087,
        "speaker": "SPEAKER_02",
        "text": ""
    },
    {
        "start": 76.13752122241087,
        "end": 76.17147707979626,
        "speaker": "SPEAKER_00",
        "text": ""
    },
    {
        "start": 76.17147707979626,
        "end": 76.30730050933786,
        "speaker": "SPEAKER_02",
        "text": ""
    },
    {
        "start": 77.00339558573853,
        "end": 79.53310696095076,
        "speaker": "SPEAKER_02",
        "text": "زي ده"
    },
    {
        "start": 79.53310696095076,
        "end": 81.79117147707979,
        "speaker": "SPEAKER_00",
        "text": "هم يضحك وم ا رالصور"
    },
    {
        "start": 80.56876061120545,
        "end": 83.21731748726654,
        "speaker": "SPEAKER_02",
        "text": "الصوره المحيده اللي بتضحك فيه"
    },
    {
        "start": 82.96264855687608,
        "end": 87.98811544991511,
        "speaker": "SPEAKER_00",
        "text": "ا فيالصو بس في صور كارزمج ع ارازمو"
    },
    {
        "start": 86.13752122241087,
        "end": 86.76570458404075,
        "speaker": "SPEAKER_02",
        "text": "س"
    },
    {
        "start": 87.63157894736841,
        "end": 90.16129032258064,
        "speaker": "SPEAKER_02",
        "text": "يقول لك المصور الديني بقى "
    },
    {
        "start": 89.22750424448216,
        "end": 90.92529711375212,
        "speaker": "SPEAKER_00",
        "text": "عني حجبكده ااه"
    },
    {
        "start": 91.14601018675722,
        "end": 91.53650254668932,
        "speaker": "SPEAKER_02",
        "text": ""
    },
    {
        "start": 91.19694397283533,
        "end": 93.47198641765704,
        "speaker": "SPEAKER_00",
        "text": "عمد حلمي معي "
    },
    {
        "start": 93.43803056027164,
        "end": 95.11884550084889,
        "speaker": "SPEAKER_02",
        "text": "لكن يعنيا"
    },
    {
        "start": 95.50933786078099,
        "end": 100.00848896434636,
        "speaker": "SPEAKER_02",
        "text": "انت لسه صغير حاسس انه حانه وقت الزواج يعني"
    },
    {
        "start": 100.00848896434636,
        "end": 104.89813242784382,
        "speaker": "SPEAKER_00",
        "text": "والله الموضوع ده بداني دا مش صغير يا جمع انا كيبيرهعمعرت"
    },
    {
        "start": 105.73005093378609,
        "end": 106.40916808149407,
        "speaker": "SPEAKER_00",
        "text": "د"
    },
    {
        "start": 105.93378607809848,
        "end": 107.00339558573853,
        "speaker": "SPEAKER_02",
        "text": "و كم سه"
    },
    {
        "start": 107.00339558573853,
        "end": 107.8862478777589,
        "speaker": "SPEAKER_00",
        "text": "واحد لتاث"
    },
    {
        "start": 107.8013582342954,
        "end": 110.72156196943973,
        "speaker": "SPEAKER_02",
        "text": "في البد"
    },
    {
        "start": 110.02546689303904,
        "end": 111.31578947368422,
        "speaker": "SPEAKER_00",
        "text": "غي"
    },
    {
        "start": 111.31578947368422,
        "end": 114.6095076400679,
        "speaker": "SPEAKER_02",
        "text": "سد حود بم كش جيم"
    },
    {
        "start": 114.84719864176571,
        "end": 114.89813242784382,
        "speaker": "SPEAKER_02",
        "text": ""
    },
    {
        "start": 114.89813242784382,
        "end": 118.15789473684211,
        "speaker": "SPEAKER_00",
        "text": "يخاو"
    },
    {
        "start": 115.20373514431239,
        "end": 115.42444821731749,
        "speaker": "SPEAKER_02",
        "text": ""
    },
    {
        "start": 115.59422750424449,
        "end": 120.61969439728352,
        "speaker": "SPEAKER_02",
        "text": "خ  احي ارمنيشده باسمهحال"
    },
    {
        "start": 120.36502546689303,
        "end": 145.06791171477082,
        "speaker": "SPEAKER_00",
        "text": "هي نادين من يعني انا باقول لها دايما وش السعد عشا وهي نعرف بعض ن اربع سنين وحه تشتغل ستايل ستار دركترر براندن قد فكات فهم قوي يعني يمكن دي اكثر حاجه باحبا في ندني فاهم قوي شغلي في كده"
    },
    {
        "start": 146.30730050933786,
        "end": 150.28013582342956,
        "speaker": "SPEAKER_00",
        "text": "يعنام الل انا بعملهم"
    },
    {
        "start": 148.7011884550085,
        "end": 149.1935483870968,
        "speaker": "SPEAKER_02",
        "text": "ال انا "
    },
    {
        "start": 150.05942275042446,
        "end": 151.723259762309,
        "speaker": "SPEAKER_02",
        "text": "تدعمك يعنيل"
    },
    {
        "start": 151.21392190152804,
        "end": 153.30220713073007,
        "speaker": "SPEAKER_00",
        "text": "جدا جح"
    },
    {
        "start": 152.3853989813243,
        "end": 153.86247877758913,
        "speaker": "SPEAKER_02",
        "text": "معب حاجه في الجواز ي"
    },
    {
        "start": 154.57555178268254,
        "end": 161.5195246179966,
        "speaker": "SPEAKER_00",
        "text": "عب حاجه ي انا كنت عيش لوحد ي قبلتجوسنراحد يل الواحد ل ب عش لوحده بيبقى"
    },
    {
        "start": 156.86757215619696,
        "end": 157.08828522920206,
        "speaker": "SPEAKER_02",
        "text": ""
    },
    {
        "start": 162.4702886247878,
        "end": 171.9949066213922,
        "speaker": "SPEAKER_00",
        "text": "ا حد يعني فيجلواحد حوان كده صغير بيطلع في البيت كلحتد كان صعببىلا بقىالحاجات"
    },
    {
        "start": 167.56366723259762,
        "end": 167.9881154499151,
        "speaker": "SPEAKER_01",
        "text": "ع"
    },
    {
        "start": 167.9881154499151,
        "end": 168.7521222410866,
        "speaker": "SPEAKER_02",
        "text": ""
    },
    {
        "start": 168.7521222410866,
        "end": 168.8370118845501,
        "speaker": "SPEAKER_01",
        "text": ""
    },
    {
        "start": 170.78947368421055,
        "end": 171.48556876061122,
        "speaker": "SPEAKER_02",
        "text": ""
    },
    {
        "start": 171.48556876061122,
        "end": 171.50254668930393,
        "speaker": "SPEAKER_01",
        "text": ""
    },
    {
        "start": 171.9949066213922,
        "end": 172.1816638370119,
        "speaker": "SPEAKER_01",
        "text": ""
    },
    {
        "start": 172.1816638370119,
        "end": 172.1986417657046,
        "speaker": "SPEAKER_00",
        "text": ""
    },
    {
        "start": 172.79286926994908,
        "end": 174.50764006791172,
        "speaker": "SPEAKER_02",
        "text": "اصعب حاجه في الجواز"
    },
    {
        "start": 174.13412563667234,
        "end": 176.46010186757218,
        "speaker": "SPEAKER_01",
        "text": "سجهن حسبيت بره"
    },
    {
        "start": 177.00339558573856,
        "end": 178.02207130730054,
        "speaker": "SPEAKER_01",
        "text": "ال"
    },
    {
        "start": 177.54668930390494,
        "end": 177.58064516129033,
        "speaker": "SPEAKER_00",
        "text": ""
    },
    {
        "start": 177.58064516129033,
        "end": 177.93718166383704,
        "speaker": "SPEAKER_02",
        "text": ""
    },
    {
        "start": 179.60101867572158,
        "end": 183.09847198641768,
        "speaker": "SPEAKER_01",
        "text": "مدولا في مزاج ش فاهلا يع"
    },
    {
        "start": 181.4685908319185,
        "end": 182.53820033955859,
        "speaker": "SPEAKER_00",
        "text": ""
    },
    {
        "start": 183.45500848896435,
        "end": 186.79966044142617,
        "speaker": "SPEAKER_01",
        "text": "حل بصراحه الجوازافا بدبى"
    },
    {
        "start": 185.2207130730051,
        "end": 186.98641765704585,
        "speaker": "SPEAKER_02",
        "text": "شيا للا بعد"
    },
    {
        "start": 187.69949066213923,
        "end": 191.9949066213922,
        "speaker": "SPEAKER_02",
        "text": "عندم جديد نازل باغاني منها اغنيه الفلسطين "
    },
    {
        "start": 192.1646859083192,
        "end": 194.30390492359933,
        "speaker": "SPEAKER_01",
        "text": "ان شاء الله يبرل"
    },
    {
        "start": 193.11544991511036,
        "end": 195.0169779286927,
        "speaker": "SPEAKER_02",
        "text": "لبوني"
    },
    {
        "start": 195.20373514431242,
        "end": 195.2207130730051,
        "speaker": "SPEAKER_02",
        "text": ""
    },
    {
        "start": 195.2207130730051,
        "end": 195.79796264855688,
        "speaker": "SPEAKER_01",
        "text": "ني"
    },
    {
        "start": 195.2376910016978,
        "end": 195.7300509337861,
        "speaker": "SPEAKER_02",
        "text": "ني"
    },
    {
        "start": 196.22241086587437,
        "end": 208.8200339558574,
        "speaker": "SPEAKER_01",
        "text": "بطا عم القضيا كده ان شاء الله بطريقتي يعني انت عارفه انا دائما باحب اعمل اغاني والحمد لله ا ناستقبل الدم فقلت يعني اقول رسالهن بم مسلسل سيلسالا بقى حبيت موضوعالسم"
    },
    {
        "start": 209.6179966044143,
        "end": 209.63497453310697,
        "speaker": "SPEAKER_01",
        "text": ""
    },
    {
        "start": 209.63497453310697,
        "end": 209.77079796264857,
        "speaker": "SPEAKER_00",
        "text": ""
    },
    {
        "start": 209.77079796264857,
        "end": 209.99151103565367,
        "speaker": "SPEAKER_01",
        "text": ""
    },
    {
        "start": 209.99151103565367,
        "end": 210.14431239388796,
        "speaker": "SPEAKER_00",
        "text": ""
    },
    {
        "start": 210.14431239388796,
        "end": 210.16129032258067,
        "speaker": "SPEAKER_01",
        "text": ""
    },
    {
        "start": 210.16129032258067,
        "end": 210.17826825127335,
        "speaker": "SPEAKER_00",
        "text": ""
    },
    {
        "start": 210.17826825127335,
        "end": 210.33106960950767,
        "speaker": "SPEAKER_01",
        "text": ""
    },
    {
        "start": 210.33106960950767,
        "end": 210.34804753820035,
        "speaker": "SPEAKER_00",
        "text": ""
    },
    {
        "start": 210.34804753820035,
        "end": 210.41595925297116,
        "speaker": "SPEAKER_01",
        "text": ""
    },
    {
        "start": 210.41595925297116,
        "end": 212.43633276740238,
        "speaker": "SPEAKER_00",
        "text": ""
    },
    {
        "start": 213.45500848896435,
        "end": 222.4363327674024,
        "speaker": "SPEAKER_01",
        "text": "ئلت حاجه يعني ها ليه كوه قولها سبب فع عمان شاء الله اغنييه لفتسطين متسر بها من ل فناشعمن عبد ارح"
    },
    {
        "start": 223.57385398981324,
        "end": 227.44482173174873,
        "speaker": "SPEAKER_01",
        "text": "بكره  اسرايل وللبدثريعني الموضوع "
    },
    {
        "start": 226.0356536502547,
        "end": 226.49405772495757,
        "speaker": "SPEAKER_02",
        "text": ""
    },
    {
        "start": 227.30899830220716,
        "end": 227.41086587436334,
        "speaker": "SPEAKER_02",
        "text": ""
    },
    {
        "start": 227.44482173174873,
        "end": 232.1986417657046,
        "speaker": "SPEAKER_02",
        "text": "خلصهيدصنااز ق  الحلقه "
    },
    {
        "start": 229.29541595925298,
        "end": 230.17826825127335,
        "speaker": "SPEAKER_01",
        "text": ""
    },
    {
        "start": 232.4702886247878,
        "end": 239.66893039049236,
        "speaker": "SPEAKER_02",
        "text": "نمنا  سيد نتلابساف الفلسطيني يعنيجم"
    },
    {
        "start": 236.05263157894737,
        "end": 236.37521222410868,
        "speaker": "SPEAKER_00",
        "text": ""
    },
    {
        "start": 238.8539898132428,
        "end": 240.55178268251274,
        "speaker": "SPEAKER_00",
        "text": "كن نل حاجه و الله"
    },
    {
        "start": 240.55178268251274,
        "end": 248.05602716468593,
        "speaker": "SPEAKER_02",
        "text": "شاعرنا ك مسلسل تضام بشخصيه رمله مع القضيه الفلسطينيه بلتفاصيلها كله فر"
    },
    {
        "start": 241.84210526315792,
        "end": 242.92869269949068,
        "speaker": "SPEAKER_00",
        "text": "و المزل"
    },
    {
        "start": 248.12393887945672,
        "end": 251.02716468590833,
        "speaker": "SPEAKER_02",
        "text": "يعن شكرا لكق عندك كريم برات يتني"
    },
    {
        "start": 251.4346349745331,
        "end": 251.9949066213922,
        "speaker": "SPEAKER_02",
        "text": "ط"
    }
]