[
    {
        "start": 0.008488964346349746,
        "end": 3.505942275042445,
        "speaker": "SPEAKER_01",
        "text": "ض نوصل لساله الناس ولاالتحد اللي احنا بنبله كل ي"
    },
    {
        "start": 2.741935483870968,
        "end": 3.1154499151103567,
        "speaker": "SPEAKER_00",
        "text": ""
    },
    {
        "start": 3.947368421052632,
        "end": 4.745331069609508,
        "speaker": "SPEAKER_01",
        "text": "كل"
    },
    {
        "start": 4.03225806451613,
        "end": 20.993208828522924,
        "speaker": "SPEAKER_00",
        "text": "واللي لانتاج مع طارق  الجنايني وطارق  الحيه منتج ممتاز ودائما عندهعينفقب اختيار المواضيع وانا بحر يا وئم الحيفه وعمللممسلسل حلقه خاصه يعني الحيا طارق عنده دائما ن اختيارت هم"
    },
    {
        "start": 10.042444821731749,
        "end": 10.500848896434636,
        "speaker": "SPEAKER_01",
        "text": "وتي"
    },
    {
        "start": 17.088285229202036,
        "end": 18.12393887945671,
        "speaker": "SPEAKER_01",
        "text": "سالس الحلقه"
    }
]