[
    {
        "start": 0.008488964346349746,
        "end": 13.998302207130731,
        "speaker": "SPEAKER_01",
        "text": "خوي الكبير و احنا بقى لنا دخمس عمل مع بعض يعني احنا موجودين بعض م صابرين انا بتمنى ده من زمان لدرجه ان انا اول ما اتخلص كلمني قال لي مش شايف مين في بطو له صابرين قول واحد"
    },
    {
        "start": 13.488964346349746,
        "end": 14.235993208828523,
        "speaker": "SPEAKER_00",
        "text": ""
    },
    {
        "start": 14.235993208828523,
        "end": 17.003395585738538,
        "speaker": "SPEAKER_01",
        "text": "افوالله الله عليك لما اول كلمه"
    }
]