[
    {
        "start": 0.008488964346349746,
        "end": 1.2139219015280136,
        "speaker": "SPEAKER_01",
        "text": "اند الموضو"
    },
    {
        "start": 1.9609507640067911,
        "end": 8.904923599320883,
        "speaker": "SPEAKER_01",
        "text": "و الاعدات اللي حصلت وتطوير الفكره  الشغل عليها وكل تخاصيلدي في نها طلعت"
    },
    {
        "start": 8.429541595925297,
        "end": 11.112054329371817,
        "speaker": "SPEAKER_00",
        "text": "الهمثالم"
    },
    {
        "start": 9.940577249575552,
        "end": 10.466893039049237,
        "speaker": "SPEAKER_01",
        "text": ""
    },
    {
        "start": 11.859083191850596,
        "end": 15.747028862478778,
        "speaker": "SPEAKER_00",
        "text": "ون شاء الله تبقى دي البداي الاعملثان كثير بالشك ده"
    },
    {
        "start": 16.494057724957557,
        "end": 19.159592529711375,
        "speaker": "SPEAKER_00",
        "text": "لبر لر لفر ا اجي"
    },
    {
        "start": 16.629881154499152,
        "end": 18.5144312393888,
        "speaker": "SPEAKER_01",
        "text": "البر ل"
    },
    {
        "start": 20.212224108658745,
        "end": 21.536502546689306,
        "speaker": "SPEAKER_00",
        "text": "خليني اقول لكم كده"
    },
    {
        "start": 23.030560271646863,
        "end": 23.64176570458404,
        "speaker": "SPEAKER_00",
        "text": "شاري"
    },
    {
        "start": 24.45670628183362,
        "end": 29.906621392190154,
        "speaker": "SPEAKER_00",
        "text": "فات م ثني بصراحه مسلسل تحفه وذلان مفلس و الحلقه الاخيره اتجنن بتفرج على الفرح وباع"
    },
    {
        "start": 30.38200339558574,
        "end": 33.38709677419355,
        "speaker": "SPEAKER_00",
        "text": "بضحك في نفس الوقت لاكنت نفس بابا"
    },
    {
        "start": 33.811544991511035,
        "end": 34.60950764006791,
        "speaker": "SPEAKER_00",
        "text": "كن عايش"
    },
    {
        "start": 35.84889643463497,
        "end": 39.00679117147708,
        "speaker": "SPEAKER_00",
        "text": "شوفرح ي عم عبد الحميد وزينه فكاروني باب وانا"
    }
]