[
    {
        "start": 0.008488964346349746,
        "end": 2.9966044142614603,
        "speaker": "SPEAKER_01",
        "text": "شتغلت معك يكلمني عنى العلاقد"
    },
    {
        "start": 2.9966044142614603,
        "end": 9.227504244482175,
        "speaker": "SPEAKER_00",
        "text": "استاذ ن بيل طبعا ه له برده الشكر و التحيهيعني"
    },
    {
        "start": 9.70288624787776,
        "end": 12.487266553480476,
        "speaker": "SPEAKER_00",
        "text": "هو بني انم جميل قو ي قو"
    },
    {
        "start": 12.36842105263158,
        "end": 13.726655348047538,
        "speaker": "SPEAKER_01",
        "text": "ياسمجميل"
    },
    {
        "start": 13.319185059422752,
        "end": 16.64685908319185,
        "speaker": "SPEAKER_00",
        "text": "الضبط ونبي "
    },
    {
        "start": 17.139219015280133,
        "end": 23.336162988115454,
        "speaker": "SPEAKER_00",
        "text": "كانن كان فيه فعلا الطاقه دي بتاعه اللي هو حتى واحنا نقر المشهد"
    },
    {
        "start": 18.276740237691,
        "end": 18.548387096774192,
        "speaker": "SPEAKER_01",
        "text": ""
    },
    {
        "start": 23.67572156196944,
        "end": 28.00509337860781,
        "speaker": "SPEAKER_00",
        "text": "يعني كن كان ساعات كنا بنب م بنصور بتارفي"
    }
]