[
    {
        "start": 0.008488964346349746,
        "end": 6.6298811544991505,
        "speaker": "SPEAKER_00",
        "text": "حياجه في حياتم في هاذا المسلسل انكم بتغير واقعود دور الفند"
    },
    {
        "start": 6.120543293718166,
        "end": 7.00339558573854,
        "speaker": "SPEAKER_01",
        "text": ""
    },
    {
        "start": 7.054329371816639,
        "end": 11.7062818336163,
        "speaker": "SPEAKER_00",
        "text": "دور النفن بشكل بشكل كببيرشكرا دكمبكر"
    },
    {
        "start": 10.67062818336163,
        "end": 11.910016977928693,
        "speaker": "SPEAKER_01",
        "text": "ر"
    },
    {
        "start": 11.910016977928693,
        "end": 14.983022071307301,
        "speaker": "SPEAKER_00",
        "text": "فصل ونرجع نصل حالهقص"
    }
]