[
    {
        "start": 0.008488964346349746,
        "end": 1.6213921901528014,
        "speaker": "SPEAKER_02",
        "text": "لتفصر الشيا"
    },
    {
        "start": 1.9949066213921904,
        "end": 15.203735144312395,
        "speaker": "SPEAKER_02",
        "text": "انت بتدبيها بالشكل ده في المسلسل مش كده ما فيش لفرد ما فيش لفردين مشي لا ي لحمودملك لقد ف دن خلي الناس تحس ان الموضوع"
    },
    {
        "start": 6.952461799660442,
        "end": 7.00339558573854,
        "speaker": "SPEAKER_00",
        "text": ""
    },
    {
        "start": 7.00339558573854,
        "end": 7.393887945670629,
        "speaker": "SPEAKER_01",
        "text": ""
    },
    {
        "start": 7.393887945670629,
        "end": 7.444821731748727,
        "speaker": "SPEAKER_00",
        "text": ""
    },
    {
        "start": 8.633276740237692,
        "end": 9.397283531409169,
        "speaker": "SPEAKER_01",
        "text": "ي"
    },
    {
        "start": 15.475382003395588,
        "end": 16.120543293718164,
        "speaker": "SPEAKER_02",
        "text": "ل"
    },
    {
        "start": 16.40916808149406,
        "end": 18.2427843803056,
        "speaker": "SPEAKER_01",
        "text": "الاغنيه بقى ل الاغنيه اللي هي"
    },
    {
        "start": 19.074702886247877,
        "end": 25.0,
        "speaker": "SPEAKER_01",
        "text": "بدات قبل حضتك فليهمللمسلسلوعملت مشا هدات بالملاي"
    },
    {
        "start": 26.239388794567063,
        "end": 33.79456706281834,
        "speaker": "SPEAKER_01",
        "text": "عظيمهمعز  دف كثيره لز تعامل لاي عمل"
    },
    {
        "start": 29.006791171477083,
        "end": 29.99151103565365,
        "speaker": "SPEAKER_00",
        "text": ""
    },
    {
        "start": 34.38879456706282,
        "end": 35.84889643463497,
        "speaker": "SPEAKER_01",
        "text": "زيما اقول له كده ايه"
    },
    {
        "start": 36.47707979626485,
        "end": 41.36672325976231,
        "speaker": "SPEAKER_01",
        "text": "تقديمه حلوه يعني الاغنيه دي كانت القديم الحلقه المسلسل الل قالف لناس اللي انت هشوف حاجه حوه"
    },
    {
        "start": 42.41935483870968,
        "end": 61.99490662139219,
        "speaker": "SPEAKER_00",
        "text": "يعني هو ممكن ي كون الوقت اللي انسبت فيغنيه هو بالنسبه الناس ولتقديم في المسلسل احنا الحياه كل شغه ري قبلها بشويه هي الفكره كلها بسالاغنيه لابسه حاله المسلسل او احنا دخلنا جوه المسلسل بجد دخلنا جوه الورق بجد اشنا شخصي"
    },
    {
        "start": 59.61799660441426,
        "end": 59.906621392190154,
        "speaker": "SPEAKER_01",
        "text": ""
    },
    {
        "start": 59.95755517826825,
        "end": 60.212224108658745,
        "speaker": "SPEAKER_01",
        "text": ""
    }
]