[
    {
        "start": 0.008488964346349746,
        "end": 0.9932088285229204,
        "speaker": "SPEAKER_03",
        "text": "قيت الك"
    },
    {
        "start": 0.9932088285229204,
        "end": 1.162988115449915,
        "speaker": "SPEAKER_02",
        "text": ""
    },
    {
        "start": 2.8098471986417657,
        "end": 3.4380305602716468,
        "speaker": "SPEAKER_03",
        "text": ""
    },
    {
        "start": 3.99830220713073,
        "end": 16.222410865874366,
        "speaker": "SPEAKER_03",
        "text": "نفسي صول لاستاذه قلتقبل كده يعني انا ماه باحبك بس واضح انه اهواضحن ه انا دماغي مش مستوعبه ان هو بس الافعال اه"
    },
    {
        "start": 7.34295415959253,
        "end": 8.65025466893039,
        "speaker": "SPEAKER_00",
        "text": "بل كده يعني انا "
    },
    {
        "start": 16.64685908319185,
        "end": 17.563667232597624,
        "speaker": "SPEAKER_01",
        "text": "انل"
    },
    {
        "start": 16.850594227504246,
        "end": 16.867572156196943,
        "speaker": "SPEAKER_04",
        "text": ""
    },
    {
        "start": 16.867572156196943,
        "end": 17.003395585738538,
        "speaker": "SPEAKER_03",
        "text": ""
    },
    {
        "start": 17.003395585738538,
        "end": 24.388794567062817,
        "speaker": "SPEAKER_04",
        "text": "قلت لك انت الزاي تختاري تتجوزي ده وقلت لهومم الاختيارات الحيتشوفوا زاياتقى"
    },
    {
        "start": 24.388794567062817,
        "end": 27.869269949066215,
        "speaker": "SPEAKER_02",
        "text": "ماتجوزه"
    },
    {
        "start": 24.79626485568761,
        "end": 25.93378607809847,
        "speaker": "SPEAKER_04",
        "text": "الل"
    },
    {
        "start": 28.497453310696095,
        "end": 31.315789473684212,
        "speaker": "SPEAKER_04",
        "text": "فختياراتك موماحا ها تف"
    },
    {
        "start": 29.702886247877757,
        "end": 30.993208828522924,
        "speaker": "SPEAKER_02",
        "text": "حا قولهات"
    },
    {
        "start": 31.315789473684212,
        "end": 31.99490662139219,
        "speaker": "SPEAKER_02",
        "text": "الحمد"
    },
    {
        "start": 33.01358234295416,
        "end": 42.99660441426146,
        "speaker": "SPEAKER_04",
        "text": "كله وصلل وبعد الفصل هنكلمكو على شخصيه ثانيه موجوده فعلا ايضا في الحقيقه وكان طه برده جماعه وات"
    }
]