[
    {
        "start": 0.008488964346349746,
        "end": 0.025466893039049237,
        "speaker": "SPEAKER_03",
        "text": ""
    },
    {
        "start": 0.14431239388794567,
        "end": 2.0288624787775893,
        "speaker": "SPEAKER_03",
        "text": "لل بين جدهحبنه رم"
    },
    {
        "start": 2.0288624787775893,
        "end": 4.6943972835314085,
        "speaker": "SPEAKER_00",
        "text": "ص وما شاء الله لك في ذلك مسك بها"
    },
    {
        "start": 4.6943972835314085,
        "end": 5.441426146010187,
        "speaker": "SPEAKER_02",
        "text": "حمد ال"
    },
    {
        "start": 5.237691001697794,
        "end": 20.993208828522924,
        "speaker": "SPEAKER_00",
        "text": "زيكم كلكم طبعا عشاصابرين ون كمان ا  شاء اله شرفتوني مرهم ثانيه على المسلسلالمت وبجد حقيقي مش باقول ل الكلام ده مجامله اعشان اصاله اعامل موجودين معنا ادو حضراتكم لمن لم يحالفه الحظ انه شاهد المسلسل "
    },
    {
        "start": 6.799660441426147,
        "end": 7.00339558573854,
        "speaker": "SPEAKER_02",
        "text": ""
    },
    {
        "start": 7.00339558573854,
        "end": 7.529711375212225,
        "speaker": "SPEAKER_01",
        "text": ""
    },
    {
        "start": 7.529711375212225,
        "end": 8.514431239388795,
        "speaker": "SPEAKER_02",
        "text": ""
    },
    {
        "start": 9.567062818336163,
        "end": 9.68590831918506,
        "speaker": "SPEAKER_02",
        "text": ""
    },
    {
        "start": 9.68590831918506,
        "end": 10.500848896434636,
        "speaker": "SPEAKER_01",
        "text": "لاملليشا"
    },
    {
        "start": 10.500848896434636,
        "end": 10.517826825127335,
        "speaker": "SPEAKER_02",
        "text": ""
    },
    {
        "start": 10.517826825127335,
        "end": 10.534804753820035,
        "speaker": "SPEAKER_01",
        "text": ""
    }
]