[
    {
        "start": 0.008488964346349746,
        "end": 3.3870967741935485,
        "speaker": "SPEAKER_02",
        "text": "لى بعضها دخلب خس ⁇  حلقه اوتزع حلقت "
    },
    {
        "start": 4.117147707979626,
        "end": 9.448217317487268,
        "speaker": "SPEAKER_01",
        "text": "حمناسبهبرده الاستاذ كما حقيقه"
    },
    {
        "start": 4.1341256366723265,
        "end": 4.3718166383701185,
        "speaker": "SPEAKER_02",
        "text": ""
    },
    {
        "start": 5.033955857385399,
        "end": 5.288624787775891,
        "speaker": "SPEAKER_00",
        "text": ""
    },
    {
        "start": 5.526315789473685,
        "end": 6.120543293718166,
        "speaker": "SPEAKER_02",
        "text": ""
    }
]