[
    {
        "start": 0.008488964346349746,
        "end": 11.638370118845502,
        "speaker": "SPEAKER_02",
        "text": "وبقيت محتل من اهم المحطات كل العوامل حلوه دعل ف تخلي الحاجه تنج الشاده يعني العرين او الفناني كلهم مع بعض بجد انا النهارده و احنا قادين انا قلتكمه واحده"
    },
    {
        "start": 4.320882852292021,
        "end": 4.915110356536502,
        "speaker": "SPEAKER_00",
        "text": "ل"
    },
    {
        "start": 5.950764006791172,
        "end": 6.816638370118845,
        "speaker": "SPEAKER_00",
        "text": "ده ي"
    },
    {
        "start": 11.808149405772497,
        "end": 30.73853989813243,
        "speaker": "SPEAKER_02",
        "text": "ناحنا كلنا افل لازم كلنا مع بعض اساعاتمنت قسم مش احنا عايزين نطلع كلنا مع بعض عشان بففي ناس اصحاب في ناس بيضتكوا اول مره ابلصيعني بقىللا عابمن لقيته رمزالرومنيهقلس الحب "
    },
    {
        "start": 22.826825127334466,
        "end": 25.611205432937183,
        "speaker": "SPEAKER_01",
        "text": "ني لا"
    },
    {
        "start": 25.62818336162988,
        "end": 25.66213921901528,
        "speaker": "SPEAKER_01",
        "text": ""
    },
    {
        "start": 25.78098471986418,
        "end": 26.239388794567063,
        "speaker": "SPEAKER_01",
        "text": ""
    },
    {
        "start": 26.528013582342957,
        "end": 27.563667232597624,
        "speaker": "SPEAKER_01",
        "text": ""
    },
    {
        "start": 27.563667232597624,
        "end": 27.818336162988118,
        "speaker": "SPEAKER_00",
        "text": ""
    },
    {
        "start": 30.993208828522924,
        "end": 44.71137521222411,
        "speaker": "SPEAKER_01",
        "text": "الء لخممس  ب ع ⁇  ع عض مسرح وودافع واحدهول لك"
    },
    {
        "start": 31.587436332767403,
        "end": 31.825127334465193,
        "speaker": "SPEAKER_02",
        "text": ""
    },
    {
        "start": 31.960950764006796,
        "end": 33.33616298811545,
        "speaker": "SPEAKER_02",
        "text": "م"
    },
    {
        "start": 36.76570458404075,
        "end": 38.75212224108659,
        "speaker": "SPEAKER_02",
        "text": "ب يعن"
    },
    {
        "start": 45.0169779286927,
        "end": 56.222410865874366,
        "speaker": "SPEAKER_01",
        "text": "يعني في ذكريات كتير ف اول مره عرف ومعها قدام لكامير مثلا والمثل مع بعض صين نلفسصين وحاجات وانا شايفها طولعمري اخت"
    },
    {
        "start": 48.66723259762309,
        "end": 48.97283531409168,
        "speaker": "SPEAKER_00",
        "text": ""
    },
    {
        "start": 55.71307300509338,
        "end": 57.05432937181664,
        "speaker": "SPEAKER_00",
        "text": ""
    },
    {
        "start": 57.207130730050935,
        "end": 61.33276740237691,
        "speaker": "SPEAKER_01",
        "text": "باحنا ع س ققدامكان ه و مر"
    },
    {
        "start": 57.835314091680814,
        "end": 59.397283531409165,
        "speaker": "SPEAKER_00",
        "text": "احنا "
    },
    {
        "start": 60.36502546689304,
        "end": 61.264855687606115,
        "speaker": "SPEAKER_00",
        "text": "ما"
    },
    {
        "start": 61.33276740237691,
        "end": 61.34974533106961,
        "speaker": "SPEAKER_00",
        "text": ""
    },
    {
        "start": 61.34974533106961,
        "end": 62.70797962648557,
        "speaker": "SPEAKER_01",
        "text": "وكمان تاحبه"
    },
    {
        "start": 62.87775891341256,
        "end": 70.36502546689303,
        "speaker": "SPEAKER_01",
        "text": "ي لفكرفين هو بعد ا بعضدعا ي"
    },
    {
        "start": 64.32088285229202,
        "end": 64.79626485568761,
        "speaker": "SPEAKER_00",
        "text": ""
    },
    {
        "start": 66.46010186757215,
        "end": 66.52801358234296,
        "speaker": "SPEAKER_00",
        "text": ""
    },
    {
        "start": 66.52801358234296,
        "end": 67.49575551782684,
        "speaker": "SPEAKER_02",
        "text": ""
    },
    {
        "start": 68.5483870967742,
        "end": 70.24617996604414,
        "speaker": "SPEAKER_02",
        "text": ""
    },
    {
        "start": 70.36502546689303,
        "end": 70.73853989813242,
        "speaker": "SPEAKER_02",
        "text": ""
    },
    {
        "start": 70.73853989813242,
        "end": 71.04414261460101,
        "speaker": "SPEAKER_01",
        "text": ""
    },
    {
        "start": 71.04414261460101,
        "end": 75.0,
        "speaker": "SPEAKER_02",
        "text": "لس بيقولوا في التعليقات اللي لتديهم بشكلمب"
    },
    {
        "start": 75.0,
        "end": 76.15449915110358,
        "speaker": "SPEAKER_00",
        "text": "شا"
    },
    {
        "start": 76.15449915110358,
        "end": 76.76570458404075,
        "speaker": "SPEAKER_01",
        "text": "طضي"
    },
    {
        "start": 77.02037351443124,
        "end": 95.57724957555178,
        "speaker": "SPEAKER_00",
        "text": "والله ناس متبسوطه يعني في الشارع بها بنيدينا في الدقي ا صايعه بيقعد ياخذتوا لي على رانيا عملت ايه وخلي بالك ومش عارف ايه همتكعملت ايه النهارده اوعى تصدقيهها مش عارف ايهتفاص دي كلها با شوفروا رد فعل الناس لو في خناقات او في اي حاجه با شوف ناس معهم ض"
    },
    {
        "start": 96.46010186757215,
        "end": 108.46349745331071,
        "speaker": "SPEAKER_00",
        "text": "في مشهد البلالين ده جاء لي تعليقات من الناس  اللي هو البنت اي امحنا نخانق عشانشا النصرا  سع"
    },
    {
        "start": 104.9490662139219,
        "end": 111.21392190152801,
        "speaker": "SPEAKER_02",
        "text": "ا"
    },
    {
        "start": 111.84210526315789,
        "end": 119.00679117147709,
        "speaker": "SPEAKER_02",
        "text": "تقليلم انا رفهلزا في انت قلت"
    },
    {
        "start": 112.64006791171477,
        "end": 113.93039049235995,
        "speaker": "SPEAKER_00",
        "text": "ل"
    },
    {
        "start": 115.1358234295416,
        "end": 115.40747028862478,
        "speaker": "SPEAKER_00",
        "text": ""
    },
    {
        "start": 117.58064516129033,
        "end": 117.8862478777589,
        "speaker": "SPEAKER_00",
        "text": ""
    }
]