[
    {
        "start": 0.008488964346349746,
        "end": 1.2478777589134127,
        "speaker": "SPEAKER_00",
        "text": "اليفر لي ملوق"
    },
    {
        "start": 1.5195246179966044,
        "end": 4.490662139219015,
        "speaker": "SPEAKER_01",
        "text": "ا"
    },
    {
        "start": 4.286926994906622,
        "end": 5.475382003395586,
        "speaker": "SPEAKER_00",
        "text": "ت او هم"
    },
    {
        "start": 6.341256366723259,
        "end": 8.123938879456707,
        "speaker": "SPEAKER_00",
        "text": "قدلتقوليه قنت م"
    }
]