[
    {
        "start": 0.008488964346349746,
        "end": 2.9966044142614603,
        "speaker": "SPEAKER_02",
        "text": "في الاماكن اللي حطها"
    },
    {
        "start": 2.9966044142614603,
        "end": 3.6587436332767402,
        "speaker": "SPEAKER_01",
        "text": ""
    },
    {
        "start": 3.505942275042445,
        "end": 9.770797962648558,
        "speaker": "SPEAKER_00",
        "text": "اكثر الاغنيه اللي انا بحبه طبعا الشوارع حوادي لاند صوت العظيم صلاح شا"
    },
    {
        "start": 6.3073005093378605,
        "end": 6.935483870967742,
        "speaker": "SPEAKER_01",
        "text": ""
    },
    {
        "start": 9.838709677419356,
        "end": 10.280135823429543,
        "speaker": "SPEAKER_01",
        "text": ""
    },
    {
        "start": 10.34804753820034,
        "end": 15.000000000000002,
        "speaker": "SPEAKER_00",
        "text": "مشم جز الاغنيات لرائعه عليه فره المصريين"
    }
]