[
    {
        "start": 0.008488964346349746,
        "end": 1.0950764006791172,
        "speaker": "SPEAKER_00",
        "text": "بهاي ل"
    },
    {
        "start": 1.3157894736842106,
        "end": 1.8081494057724958,
        "speaker": "SPEAKER_00",
        "text": ""
    },
    {
        "start": 2.606112054329372,
        "end": 4.252971137521223,
        "speaker": "SPEAKER_00",
        "text": "اناحبيت قوي ان انا ك ننقلت"
    },
    {
        "start": 4.5415959252971145,
        "end": 7.393887945670629,
        "speaker": "SPEAKER_00",
        "text": "منها هوده ودل الاحباشكر عليه والله تعمل بره"
    },
    {
        "start": 4.762308998302208,
        "end": 5.084889643463498,
        "speaker": "SPEAKER_01",
        "text": ""
    },
    {
        "start": 7.920203735144312,
        "end": 9.329371816638371,
        "speaker": "SPEAKER_00",
        "text": "الاصدف وف"
    },
    {
        "start": 10.534804753820035,
        "end": 10.99320882852292,
        "speaker": "SPEAKER_00",
        "text": "ان"
    }
]