[
    {
        "start": 0.008488964346349746,
        "end": 18.463497453310694,
        "speaker": "SPEAKER_01",
        "text": "لها ين تبقى مش واقع اعي او شكلها مش حقق ومش مش الواقع بتاع الحاله دي وده في نفس الحاجه في كل الكونت انت يعني مثلا لانا بعمل حاجه عن لامراض النفسيه فلتفي في وعيب اامراض النفسي دلوقتي والحاجات دي كلها ما يفعشانا هاعمل حاجه"
    },
    {
        "start": 19.14261460101868,
        "end": 27.64855687606112,
        "speaker": "SPEAKER_01",
        "text": "تشوه كل ده الليثقافه البلد عشان في الاول في الاخر برهالمسلسلاه والافلام يجيب الطاقه في البلد دي بتبقى اكثر حاجه بنفيها طبعا"
    },
    {
        "start": 28.12393887945671,
        "end": 30.806451612903224,
        "speaker": "SPEAKER_00",
        "text": "يه اصعا ب حاجه يعني ايه اللي خل"
    },
    {
        "start": 31.91001697792869,
        "end": 35.0169779286927,
        "speaker": "SPEAKER_00",
        "text": "تكون جاري وتاخذ الدورده"
    },
    {
        "start": 35.0848896434635,
        "end": 35.288624787775895,
        "speaker": "SPEAKER_00",
        "text": ""
    },
    {
        "start": 36.035653650254666,
        "end": 41.97792869269949,
        "speaker": "SPEAKER_02",
        "text": "الل مشري خالصضي يعنيلحجداد"
    },
    {
        "start": 38.463497453310694,
        "end": 40.46689303904924,
        "speaker": "SPEAKER_00",
        "text": "مايش يعني "
    },
    {
        "start": 41.264855687606115,
        "end": 42.096774193548384,
        "speaker": "SPEAKER_00",
        "text": ""
    },
    {
        "start": 42.36842105263158,
        "end": 46.511035653650254,
        "speaker": "SPEAKER_02",
        "text": "بس ان اتحمست قوي ان انا يعن اعمل حاجه مختلفه"
    },
    {
        "start": 47.68251273344652,
        "end": 48.4804753820034,
        "speaker": "SPEAKER_02",
        "text": ""
    },
    {
        "start": 48.921901528013585,
        "end": 61.09507640067912,
        "speaker": "SPEAKER_02",
        "text": "كخذت القرار حتى كنت باقول كده انا اخذت القرار بسرعه قويطر اول ما عرض على الموضوع تحمست او فكره ان هو جديد قوي مع انا انا ممكن اتحبنبس فيكا"
    },
    {
        "start": 60.61969439728353,
        "end": 60.68760611205433,
        "speaker": "SPEAKER_00",
        "text": ""
    },
    {
        "start": 61.33276740237691,
        "end": 67.00339558573853,
        "speaker": "SPEAKER_02",
        "text": "بعد ما اخذت القرار كتشفت بقى اللي انا عملتف نفس اللي هو ده"
    }
]