[
    {
        "start": 0.398981324278438,
        "end": 2.606112054329372,
        "speaker": "SPEAKER_00",
        "text": "بدل لمسلسل محترم ل اجابيات"
    },
    {
        "start": 3.0814940577249574,
        "end": 4.915110356536502,
        "speaker": "SPEAKER_00",
        "text": "شاف والعايده باري"
    },
    {
        "start": 5.679117147707979,
        "end": 14.337860780984721,
        "speaker": "SPEAKER_00",
        "text": "كارموا بجد مسلسل تحفه سرور سنو امسلسل الشمس ش على افتقده كثير"
    },
    {
        "start": 14.67741935483871,
        "end": 17.85229202037352,
        "speaker": "SPEAKER_00",
        "text": "حفر ريحطونا اسراء جامد اخر حاجه"
    },
    {
        "start": 19.193548387096776,
        "end": 22.283531409168084,
        "speaker": "SPEAKER_00",
        "text": "عصم سلاح بيقولو جزء ثاني زي الحفيد لو سمحت"
    },
    {
        "start": 23.35314091680815,
        "end": 25.39049235993209,
        "speaker": "SPEAKER_00",
        "text": "انا حاسس ان و ⁇  عم"
    },
    {
        "start": 23.38709677419355,
        "end": 24.219015280135828,
        "speaker": "SPEAKER_01",
        "text": "انا عاس"
    },
    {
        "start": 27.020373514431242,
        "end": 36.91850594227504,
        "speaker": "SPEAKER_00",
        "text": "دنيا مسلس جميل وش عيزايخلص ياربيعملوا جزء ثاني ده طرب جماجهسسل فيمترمنجزء ثا"
    },
    {
        "start": 32.06281833616299,
        "end": 35.0339558573854,
        "speaker": "SPEAKER_01",
        "text": ""
    },
    {
        "start": 37.63157894736842,
        "end": 41.553480475382,
        "speaker": "SPEAKER_00",
        "text": "في حاد بعث لكم يعني اه سيس  بيعيطهوكامان زعلا لممسلسل خالص"
    },
    {
        "start": 42.89473684210526,
        "end": 46.578947368421055,
        "speaker": "SPEAKER_00",
        "text": "ي مسلسل تحفه بجدكر مسلسل زعلت مخال"
    },
    {
        "start": 47.42784380305603,
        "end": 49.80475382003396,
        "speaker": "SPEAKER_00",
        "text": "حجابي ده اجمل مسلسل حضر"
    },
    {
        "start": 50.38200339558574,
        "end": 53.99830220713073,
        "speaker": "SPEAKER_00",
        "text": "شهد مسلسل تحفه انا زعلانه قوي االن هو خل"
    },
    {
        "start": 54.71137521222411,
        "end": 59.227504244482176,
        "speaker": "SPEAKER_00",
        "text": "سلمى انازعلانه ممسلسل خالص نتحياتي لاستاذالفان سيد ر"
    },
    {
        "start": 60.07640067911715,
        "end": 62.84380305602716,
        "speaker": "SPEAKER_00",
        "text": "مسلسل رائ ع من زمان شف ادرعمراق"
    },
    {
        "start": 63.08149405772496,
        "end": 65.61120543293717,
        "speaker": "SPEAKER_00",
        "text": "هب اشوف عنديا السياربلنشوفي الحجات المحتره"
    },
    {
        "start": 65.84889643463498,
        "end": 67.39388794567063,
        "speaker": "SPEAKER_00",
        "text": "وبس على اللفزيونا"
    },
    {
        "start": 68.3616298811545,
        "end": 71.51952461799661,
        "speaker": "SPEAKER_00",
        "text": "هاسيم احلى ملسلات بجد زعلت انه خلص"
    },
    {
        "start": 71.7741935483871,
        "end": 74.8132427843803,
        "speaker": "SPEAKER_00",
        "text": "هدير يعني طارق الجوفي مسلسل ويفركشفي الحقيقه"
    },
    {
        "start": 75.0339558573854,
        "end": 79.17657045840409,
        "speaker": "SPEAKER_00",
        "text": "للا "
    },
    {
        "start": 75.33955857385399,
        "end": 79.00679117147709,
        "speaker": "SPEAKER_01",
        "text": "لا الا "
    },
    {
        "start": 80.07640067911714,
        "end": 85.6112054329372,
        "speaker": "SPEAKER_00",
        "text": "ت م"
    },
    {
        "start": 80.89134125636673,
        "end": 80.92529711375212,
        "speaker": "SPEAKER_01",
        "text": ""
    },
    {
        "start": 80.95925297113752,
        "end": 83.67572156196945,
        "speaker": "SPEAKER_01",
        "text": "ليه"
    },
    {
        "start": 85.67911714770798,
        "end": 85.73005093378609,
        "speaker": "SPEAKER_00",
        "text": ""
    },
    {
        "start": 85.81494057724959,
        "end": 85.84889643463498,
        "speaker": "SPEAKER_00",
        "text": ""
    },
    {
        "start": 85.91680814940577,
        "end": 85.95076400679116,
        "speaker": "SPEAKER_00",
        "text": ""
    },
    {
        "start": 85.98471986417658,
        "end": 86.00169779286927,
        "speaker": "SPEAKER_00",
        "text": ""
    },
    {
        "start": 86.10356536502547,
        "end": 86.13752122241087,
        "speaker": "SPEAKER_00",
        "text": ""
    },
    {
        "start": 86.23938879456708,
        "end": 91.23089983022072,
        "speaker": "SPEAKER_00",
        "text": "بع يعني ط جد ازمثافس"
    },
    {
        "start": 86.40916808149407,
        "end": 87.24108658743634,
        "speaker": "SPEAKER_01",
        "text": "اسث"
    },
    {
        "start": 87.83531409168083,
        "end": 89.68590831918507,
        "speaker": "SPEAKER_01",
        "text": "ب"
    },
    {
        "start": 90.46689303904924,
        "end": 91.11205432937183,
        "speaker": "SPEAKER_01",
        "text": ""
    },
    {
        "start": 91.6893039049236,
        "end": 95.0,
        "speaker": "SPEAKER_00",
        "text": "رنا افتقدكمم والله نرمين انا"
    }
]