[
    {
        "start": 0.008488964346349746,
        "end": 0.19524617996604415,
        "speaker": "SPEAKER_03",
        "text": ""
    },
    {
        "start": 0.6536502546689305,
        "end": 1.502546689303905,
        "speaker": "SPEAKER_03",
        "text": "ون داي و"
    },
    {
        "start": 2.402376910016978,
        "end": 2.8098471986417657,
        "speaker": "SPEAKER_03",
        "text": ""
    },
    {
        "start": 2.8438030560271645,
        "end": 3.9813242784380307,
        "speaker": "SPEAKER_00",
        "text": "عايتي حدي"
    },
    {
        "start": 3.896434634974533,
        "end": 4.235993208828523,
        "speaker": "SPEAKER_03",
        "text": ""
    },
    {
        "start": 5.458404074702887,
        "end": 7.00339558573854,
        "speaker": "SPEAKER_03",
        "text": "فرل"
    },
    {
        "start": 7.088285229202038,
        "end": 8.616298811544992,
        "speaker": "SPEAKER_03",
        "text": "ع"
    },
    {
        "start": 7.750424448217318,
        "end": 8.00509337860781,
        "speaker": "SPEAKER_00",
        "text": ""
    },
    {
        "start": 8.123938879456707,
        "end": 8.955857385398982,
        "speaker": "SPEAKER_00",
        "text": ""
    },
    {
        "start": 8.71816638370119,
        "end": 12.962648556876061,
        "speaker": "SPEAKER_03",
        "text": "عيزد لانايز"
    },
    {
        "start": 9.006791171477081,
        "end": 9.02376910016978,
        "speaker": "SPEAKER_00",
        "text": ""
    },
    {
        "start": 9.091680814940577,
        "end": 9.431239388794568,
        "speaker": "SPEAKER_00",
        "text": ""
    },
    {
        "start": 12.962648556876061,
        "end": 14.35483870967742,
        "speaker": "SPEAKER_00",
        "text": "مده"
    },
    {
        "start": 15.66213921901528,
        "end": 16.205432937181662,
        "speaker": "SPEAKER_00",
        "text": ""
    },
    {
        "start": 16.205432937181662,
        "end": 16.74872665534805,
        "speaker": "SPEAKER_03",
        "text": ""
    },
    {
        "start": 16.74872665534805,
        "end": 16.79966044142615,
        "speaker": "SPEAKER_00",
        "text": ""
    },
    {
        "start": 16.79966044142615,
        "end": 17.003395585738538,
        "speaker": "SPEAKER_03",
        "text": ""
    },
    {
        "start": 17.003395585738538,
        "end": 17.22410865874363,
        "speaker": "SPEAKER_00",
        "text": ""
    },
    {
        "start": 17.22410865874363,
        "end": 18.259762308998305,
        "speaker": "SPEAKER_03",
        "text": "ن"
    },
    {
        "start": 19.108658743633278,
        "end": 26.901528013582343,
        "speaker": "SPEAKER_02",
        "text": "علالفاص سو في بدين بلوف لت"
    },
    {
        "start": 19.29541595925297,
        "end": 21.40067911714771,
        "speaker": "SPEAKER_03",
        "text": ""
    },
    {
        "start": 21.40067911714771,
        "end": 21.451612903225808,
        "speaker": "SPEAKER_00",
        "text": ""
    },
    {
        "start": 24.745331069609506,
        "end": 24.76230899830221,
        "speaker": "SPEAKER_00",
        "text": ""
    },
    {
        "start": 24.779286926994907,
        "end": 24.898132427843805,
        "speaker": "SPEAKER_00",
        "text": ""
    },
    {
        "start": 24.949066213921903,
        "end": 27.512733446519526,
        "speaker": "SPEAKER_00",
        "text": "ت "
    },
    {
        "start": 44.30390492359932,
        "end": 44.64346349745331,
        "speaker": "SPEAKER_01",
        "text": ""
    },
    {
        "start": 45.44142614601019,
        "end": 46.00169779286927,
        "speaker": "SPEAKER_01",
        "text": "نفس"
    },
    {
        "start": 47.27504244482173,
        "end": 48.463497453310694,
        "speaker": "SPEAKER_01",
        "text": "برجعريل"
    },
    {
        "start": 49.73684210526316,
        "end": 50.85738539898132,
        "speaker": "SPEAKER_01",
        "text": "انا  صرا"
    },
    {
        "start": 52.45331069609508,
        "end": 52.826825127334466,
        "speaker": "SPEAKER_01",
        "text": ""
    }
]