[
    {
        "start": 0.008488964346349746,
        "end": 28.684210526315788,
        "speaker": "SPEAKER_00",
        "text": "ا يعني الجزء والقضيه الفلطينيه ونا لسه جايمن لرام ول مرتبطه قوي ب قصه الفلسطينيه هلا بك يا هاجر و وام مجدي عبير اللي اتجوزت عز ولنسلت لا عملت في نفس كده ليهكدهليه ولا ستذر من وتشطهت عبد الله منصور المشرف على الانتاج ب منسط واتش تواحمدفاضل قيرديوسر المحتوى ارقامطديوس وقسه مبروك"
    },
    {
        "start": 15.950764006791173,
        "end": 17.529711375212223,
        "speaker": "SPEAKER_01",
        "text": ""
    },
    {
        "start": 29.108658743633278,
        "end": 30.38200339558574,
        "speaker": "SPEAKER_02",
        "text": "يعني "
    },
    {
        "start": 29.736842105263158,
        "end": 37.37691001697793,
        "speaker": "SPEAKER_00",
        "text": "يعني قولوا لي الاول ردود الافعال اللانت كنت متخيلين ان هتبقى كده هاقول لك نديم هفضل القول لك"
    },
    {
        "start": 38.378607809847196,
        "end": 39.99151103565365,
        "speaker": "SPEAKER_02",
        "text": "ا والله الحمد لله يعميدو"
    }
]