[
    {
        "start": 0.008488964346349746,
        "end": 4.100169779286928,
        "speaker": "SPEAKER_00",
        "text": "فكره التوحد عشان ما بقاش بد فعلا نموذج غلط"
    },
    {
        "start": 5.135823429541595,
        "end": 8.70118845500849,
        "speaker": "SPEAKER_00",
        "text": "يعني لهول ع شخصيه عاديه فانا المسؤول عن"
    },
    {
        "start": 8.853989813242785,
        "end": 11.179966044142615,
        "speaker": "SPEAKER_00",
        "text": "عنهاك شخصيه انا اللي بكارته"
    },
    {
        "start": 11.621392190152802,
        "end": 19.074702886247877,
        "speaker": "SPEAKER_00",
        "text": "ا شخصيه موجوده في المجتمع ف كت باذن السؤوليه ان انا اقدمها كلصوشكلل"
    },
    {
        "start": 17.597623089983024,
        "end": 19.193548387096776,
        "speaker": "SPEAKER_01",
        "text": "ظيتعلم"
    },
    {
        "start": 20.67062818336163,
        "end": 30.993208828522924,
        "speaker": "SPEAKER_00",
        "text": "في البدايهنيعني بدت كانكان ول سل عندنا هو فن فياسكتره لان انا ول سؤال سالته ايهالتوحد اصلا فيخليهز"
    },
    {
        "start": 28.853989813242784,
        "end": 29.040747028862484,
        "speaker": "SPEAKER_01",
        "text": ""
    }
]