[
    {
        "start": 0.008488964346349746,
        "end": 4.7792869269949065,
        "speaker": "SPEAKER_01",
        "text": "احنا حاسين بكم شايفينكم هم كمان شف و على شافه انت كمانحبين بعض"
    },
    {
        "start": 2.928692699490662,
        "end": 2.9966044142614603,
        "speaker": "SPEAKER_00",
        "text": ""
    },
    {
        "start": 4.9830220713073015,
        "end": 8.089983022071308,
        "speaker": "SPEAKER_01",
        "text": "فل الكواليس قبل بكتدي  الم"
    },
    {
        "start": 6.9185059422750435,
        "end": 7.98811544991511,
        "speaker": "SPEAKER_00",
        "text": ""
    },
    {
        "start": 9.261460101867574,
        "end": 24.219015280135828,
        "speaker": "SPEAKER_01",
        "text": "لالل  لاهني الماكر وفكرهى يع عثمان ين بعد ول ماشاء الله دا كان ظاهر انلي انتم اسرائي حتى كح"
    },
    {
        "start": 10.00848896434635,
        "end": 10.178268251273346,
        "speaker": "SPEAKER_00",
        "text": ""
    },
    {
        "start": 12.99660441426146,
        "end": 14.898132427843803,
        "speaker": "SPEAKER_00",
        "text": "ن"
    },
    {
        "start": 15.000000000000002,
        "end": 15.0169779286927,
        "speaker": "SPEAKER_00",
        "text": ""
    },
    {
        "start": 16.392190152801362,
        "end": 17.85229202037352,
        "speaker": "SPEAKER_00",
        "text": ""
    },
    {
        "start": 20.00848896434635,
        "end": 20.07640067911715,
        "speaker": "SPEAKER_00",
        "text": ""
    },
    {
        "start": 23.11544991511036,
        "end": 38.00509337860781,
        "speaker": "SPEAKER_00",
        "text": "حب بد حا نا كنت بعتبر وللي هم عللت بد عايزي كل كلاب نتب بنفسيلا اللي احنا عيله واحده بج بنحب بعضنا كل"
    },
    {
        "start": 25.475382003395588,
        "end": 27.716468590831923,
        "speaker": "SPEAKER_01",
        "text": "د ابد ع ز"
    },
    {
        "start": 29.516129032258064,
        "end": 30.653650254668932,
        "speaker": "SPEAKER_01",
        "text": "ال"
    },
    {
        "start": 32.33446519524618,
        "end": 32.50424448217318,
        "speaker": "SPEAKER_01",
        "text": ""
    },
    {
        "start": 38.4804753820034,
        "end": 40.602716468590835,
        "speaker": "SPEAKER_01",
        "text": "ع مس مدوق ال ده "
    },
    {
        "start": 40.602716468590835,
        "end": 41.09507640067912,
        "speaker": "SPEAKER_00",
        "text": "د"
    },
    {
        "start": 41.09507640067912,
        "end": 42.64006791171477,
        "speaker": "SPEAKER_01",
        "text": "ا"
    },
    {
        "start": 41.264855687606115,
        "end": 42.45331069609507,
        "speaker": "SPEAKER_00",
        "text": "ا"
    },
    {
        "start": 43.692699490662136,
        "end": 44.439728353140914,
        "speaker": "SPEAKER_01",
        "text": "كمم"
    },
    {
        "start": 44.64346349745331,
        "end": 50.144312393887944,
        "speaker": "SPEAKER_00",
        "text": "سلس ناجح ان اء اللهجمي ومل وانلجعل"
    },
    {
        "start": 48.90492359932088,
        "end": 50.53480475382003,
        "speaker": "SPEAKER_01",
        "text": ""
    },
    {
        "start": 50.806451612903224,
        "end": 50.85738539898132,
        "speaker": "SPEAKER_01",
        "text": ""
    },
    {
        "start": 50.85738539898132,
        "end": 50.92529711375212,
        "speaker": "SPEAKER_00",
        "text": ""
    },
    {
        "start": 50.92529711375212,
        "end": 53.115449915110354,
        "speaker": "SPEAKER_01",
        "text": "دو حني الي ا"
    },
    {
        "start": 51.723259762309,
        "end": 53.01358234295416,
        "speaker": "SPEAKER_00",
        "text": "للي د"
    },
    {
        "start": 53.115449915110354,
        "end": 53.99830220713073,
        "speaker": "SPEAKER_00",
        "text": "ومج"
    },
    {
        "start": 53.99830220713073,
        "end": 55.71307300509338,
        "speaker": "SPEAKER_01",
        "text": "نا يلي هاو خلص"
    },
    {
        "start": 56.06960950764007,
        "end": 57.988115449915114,
        "speaker": "SPEAKER_01",
        "text": "سيت مجحده يعني"
    },
    {
        "start": 58.650254668930394,
        "end": 66.00169779286927,
        "speaker": "SPEAKER_01",
        "text": "كانبتشوفو ت  طبعا عموقع توصل اجتماعي لا نيتكلم على مسلسل حقق اكثر من مليون مشاهده على مستوى حلاته"
    }
]