[
    {
        "start": 0.008488964346349746,
        "end": 11.196943972835316,
        "speaker": "SPEAKER_01",
        "text": "ع البنتين الحلوين دول اللي  برده معروفين يعني بس خلونا نفكر كم بقى عملو قولي لي بقى انت ييا هاجر قولي لي شويه عمالين ساعه ما نت"
    },
    {
        "start": 11.876061120543294,
        "end": 12.99660441426146,
        "speaker": "SPEAKER_01",
        "text": "اولي حجه "
    },
    {
        "start": 12.99660441426146,
        "end": 13.455008488964348,
        "speaker": "SPEAKER_00",
        "text": ""
    },
    {
        "start": 13.455008488964348,
        "end": 14.151103565365027,
        "speaker": "SPEAKER_01",
        "text": "ان"
    },
    {
        "start": 13.471986417657046,
        "end": 14.558573853989815,
        "speaker": "SPEAKER_00",
        "text": "رشر ع"
    },
    {
        "start": 14.558573853989815,
        "end": 14.592529711375214,
        "speaker": "SPEAKER_01",
        "text": ""
    },
    {
        "start": 14.592529711375214,
        "end": 14.609507640067912,
        "speaker": "SPEAKER_00",
        "text": ""
    },
    {
        "start": 14.932088285229202,
        "end": 18.650254668930394,
        "speaker": "SPEAKER_00",
        "text": "ب وركان خرج كامله ابو ذك"
    },
    {
        "start": 15.560271646859084,
        "end": 16.035653650254673,
        "speaker": "SPEAKER_01",
        "text": ""
    },
    {
        "start": 19.006791171477083,
        "end": 21.6723259762309,
        "speaker": "SPEAKER_00",
        "text": "و بطوله منه شله بي واحمد سعدالي"
    },
    {
        "start": 22.14770797962649,
        "end": 23.030560271646863,
        "speaker": "SPEAKER_00",
        "text": "ن سن ت"
    },
    {
        "start": 23.726655348047537,
        "end": 25.66213921901528,
        "speaker": "SPEAKER_00",
        "text": "نت كنش براطه"
    },
    {
        "start": 25.78098471986418,
        "end": 29.65195246179966,
        "speaker": "SPEAKER_00",
        "text": "ارهابي البيرهاذ ع شخر تلمراقه"
    },
    {
        "start": 26.969439728353144,
        "end": 28.650254668930394,
        "speaker": "SPEAKER_01",
        "text": "هاب  شقر"
    },
    {
        "start": 30.059422750424453,
        "end": 31.468590831918505,
        "speaker": "SPEAKER_00",
        "text": "بي به و كع"
    },
    {
        "start": 31.723259762309,
        "end": 35.69609507640068,
        "speaker": "SPEAKER_00",
        "text": "لختهلر بيه ه"
    },
    {
        "start": 32.97962648556876,
        "end": 33.59083191850594,
        "speaker": "SPEAKER_01",
        "text": ""
    },
    {
        "start": 36.13752122241087,
        "end": 38.2427843803056,
        "speaker": "SPEAKER_00",
        "text": "دي اكثر حاجه يني"
    },
    {
        "start": 38.3276740237691,
        "end": 44.9660441426146,
        "speaker": "SPEAKER_00",
        "text": "ممكن تكن شافت يعني انا شتغلت فيه  يعنيبطن الحود بطوله فراج  باسم صبر"
    },
    {
        "start": 42.60611205432937,
        "end": 43.09847198641766,
        "speaker": "SPEAKER_01",
        "text": ""
    },
    {
        "start": 45.59422750424448,
        "end": 58.00509337860781,
        "speaker": "SPEAKER_01",
        "text": "وعملت ملكه على السوشيال ميديا يعني  انتو وجدتك على السوشيال ميدا وكم لها انت خس انا انا اصلام مث ن ف م"
    },
    {
        "start": 50.04244482173175,
        "end": 50.22920203735144,
        "speaker": "SPEAKER_00",
        "text": ""
    },
    {
        "start": 53.99830220713073,
        "end": 54.52461799660441,
        "speaker": "SPEAKER_00",
        "text": "وك"
    },
    {
        "start": 55.950764006791175,
        "end": 56.29032258064516,
        "speaker": "SPEAKER_00",
        "text": ""
    },
    {
        "start": 58.00509337860781,
        "end": 59.99151103565365,
        "speaker": "SPEAKER_00",
        "text": "ن بو العروس"
    }
]