[
    {
        "start": 0.008488964346349746,
        "end": 4.03225806451613,
        "speaker": "SPEAKER_01",
        "text": "ولهتفون يعي بجد تفصيل"
    },
    {
        "start": 4.643463497453311,
        "end": 6.086587436332767,
        "speaker": "SPEAKER_01",
        "text": "جبتمن التخاصيل"
    },
    {
        "start": 6.086587436332767,
        "end": 23.64176570458404,
        "speaker": "SPEAKER_00",
        "text": "هم عندهم حاجه حبيتها انا برده قوي وانا وانافي مرحله لتحدنوما عندهم جزء طفولي قوي هو على طبيعته جدا على حيقته جدا لدرجه تحسيه طل هو مش طفل يعني هو كر بس بالضبط  براءه"
    },
    {
        "start": 21.179966044142617,
        "end": 24.083191850594226,
        "speaker": "SPEAKER_01",
        "text": "كرا يعني بس الضبطبراءه"
    },
    {
        "start": 24.269949066213925,
        "end": 36.23938879456706,
        "speaker": "SPEAKER_00",
        "text": "براءه الاطفال في حته الن هاد بيقول  في قبه لو سلت سؤال بيرد بصراحه شاديد مش م عندوشل السوشي ال سكلز بتاعه بتاعت بتاعت نحنا الل ه"
    },
    {
        "start": 36.01867572156197,
        "end": 37.19015280135823,
        "speaker": "SPEAKER_01",
        "text": "وعت لي خبي"
    },
    {
        "start": 37.37691001697793,
        "end": 37.869269949066215,
        "speaker": "SPEAKER_00",
        "text": ""
    },
    {
        "start": 37.869269949066215,
        "end": 37.97113752122241,
        "speaker": "SPEAKER_01",
        "text": ""
    },
    {
        "start": 39.61799660441426,
        "end": 39.65195246179966,
        "speaker": "SPEAKER_00",
        "text": ""
    },
    {
        "start": 39.65195246179966,
        "end": 39.68590831918506,
        "speaker": "SPEAKER_01",
        "text": ""
    },
    {
        "start": 39.68590831918506,
        "end": 41.17996604414262,
        "speaker": "SPEAKER_00",
        "text": ""
    },
    {
        "start": 40.00848896434635,
        "end": 49.29541595925297,
        "speaker": "SPEAKER_01",
        "text": "سم يكودملت خدهاول علا لكلام دك كلا من"
    },
    {
        "start": 41.774193548387096,
        "end": 44.592529711375214,
        "speaker": "SPEAKER_00",
        "text": "لي كود"
    },
    {
        "start": 45.59422750424448,
        "end": 46.307300509337864,
        "speaker": "SPEAKER_00",
        "text": "ا"
    },
    {
        "start": 47.61460101867572,
        "end": 60.55178268251274,
        "speaker": "SPEAKER_00",
        "text": "ع كنابنات كلنا كمانا ادمين الي هول لما تقابل حد لاول مر يمعشتقول بالضبط فراق هو ما عندوش ديم بفه مثلا نكت ما بيفهمش التشبيهاتهو"
    },
    {
        "start": 50.61969439728353,
        "end": 51.21392190152802,
        "speaker": "SPEAKER_01",
        "text": ""
    },
    {
        "start": 51.7572156196944,
        "end": 53.964346349745334,
        "speaker": "SPEAKER_01",
        "text": "ش تي"
    },
    {
        "start": 60.602716468590835,
        "end": 63.251273344651956,
        "speaker": "SPEAKER_01",
        "text": "صعب حاجه كانت عندكه اصب حاجه و"
    },
    {
        "start": 63.455008488964346,
        "end": 68.00509337860782,
        "speaker": "SPEAKER_01",
        "text": "اص ش ب مشهد بس اصعب تفصيله ك عندك"
    },
    {
        "start": 68.29371816638371,
        "end": 85.74702886247877,
        "speaker": "SPEAKER_00",
        "text": "وف لفي الدور عمههااصعب حاجه كانت انفعلا ه الممثلل يعني ماطلرب منان يعبر عن احساس معين حادثه في المشاط الشخصيه دي تحديدا ما بيعرفش عبر عن احساسه اود يعبر عنه بطريقه مش مناس به تعبر بها عن"
    },
    {
        "start": 85.79796264855688,
        "end": 86.00169779286927,
        "speaker": "SPEAKER_00",
        "text": ""
    }
]