[
    {
        "start": 0.008488964346349746,
        "end": 2.4193548387096775,
        "speaker": "SPEAKER_01",
        "text": "يوسف حسام اهلا ب شرف ن"
    },
    {
        "start": 2.4193548387096775,
        "end": 2.4702886247877758,
        "speaker": "SPEAKER_00",
        "text": ""
    },
    {
        "start": 2.8607809847198644,
        "end": 7.410865874363328,
        "speaker": "SPEAKER_01",
        "text": "ن بقىاسره العيس طبع صفاء الي لاحضر"
    },
    {
        "start": 3.1833616298811545,
        "end": 3.556876061120543,
        "speaker": "SPEAKER_00",
        "text": ""
    },
    {
        "start": 7.410865874363328,
        "end": 7.716468590831919,
        "speaker": "SPEAKER_00",
        "text": ""
    },
    {
        "start": 7.869269949066215,
        "end": 10.942275042444823,
        "speaker": "SPEAKER_01",
        "text": "الفنان احمد صيه عل"
    },
    {
        "start": 11.36672325976231,
        "end": 23.998302207130735,
        "speaker": "SPEAKER_01",
        "text": "ولعيد محمود حجازي اهنا ببك طبعافنا كمايل فوحشتنا جدا و اماني كمال ومنى جمان احلفك مونشرفينا ومره ثانيه الف مبروك"
    }
]