[
    {
        "start": 0.008488964346349746,
        "end": 35.89983022071307,
        "speaker": "SPEAKER_00",
        "text": "وحيهبي مجديده ويعني احنا بيقعع في الم وهو بيحط اللي انا دائما في تاتصالات ببتاعت ه انا ا قدر ابقى طب الاوللغ خالص بتاعد الاسرى ده بقى متجوزتع ازكازم تبقى ينطبق لعلك لعر ربعبنت ازاي ده ن احنا عايزين نكستب حاجه مهمه قوي نه الساعه المسلستل بقدر المكان ثالثه في القاصرحوي احبتضوره عشان ت تواف حتى عشان تب صح عشان نا في حاله اجاتا للي موجود اجادسه"
    },
    {
        "start": 4.966044142614601,
        "end": 6.341256366723259,
        "speaker": "SPEAKER_01",
        "text": ""
    },
    {
        "start": 19.92359932088285,
        "end": 20.127334465195247,
        "speaker": "SPEAKER_01",
        "text": ""
    },
    {
        "start": 21.655348047538205,
        "end": 21.91001697792869,
        "speaker": "SPEAKER_01",
        "text": ""
    },
    {
        "start": 34.049235993208825,
        "end": 44.745331069609506,
        "speaker": "SPEAKER_01",
        "text": "ذا اللي موجود اجاز ويمكن الصابد حسب م عرفتكمان انه  دخل كبره قطار مصر خبرجمهوريه مصر احربيه قصه نورين صابرين ف"
    },
    {
        "start": 40.94227504244482,
        "end": 41.99490662139219,
        "speaker": "SPEAKER_00",
        "text": "هربيه"
    },
    {
        "start": 44.60950764006791,
        "end": 45.93378607809847,
        "speaker": "SPEAKER_00",
        "text": "ل "
    },
    {
        "start": 46.00169779286927,
        "end": 48.378607809847196,
        "speaker": "SPEAKER_00",
        "text": "ي م اداا"
    },
    {
        "start": 48.4295415959253,
        "end": 50.246179966044146,
        "speaker": "SPEAKER_01",
        "text": "عرفش القصه مسعاره الا"
    },
    {
        "start": 50.34804753820034,
        "end": 52.99660441426146,
        "speaker": "SPEAKER_00",
        "text": "س"
    }
]