[
    {
        "start": 0.008488964346349746,
        "end": 4.320882852292021,
        "speaker": "SPEAKER_00",
        "text": "لالممثل مشتغل فيهاب ني ودهمهم قوي"
    },
    {
        "start": 2.4533106960950763,
        "end": 2.741935483870968,
        "speaker": "SPEAKER_01",
        "text": ""
    },
    {
        "start": 4.405772495755517,
        "end": 16.578947368421055,
        "speaker": "SPEAKER_00",
        "text": "ع علي فكره المخرج والسيناريست عله عا"
    },
    {
        "start": 6.850594227504244,
        "end": 7.631578947368421,
        "speaker": "SPEAKER_01",
        "text": "يي"
    },
    {
        "start": 8.073005093378608,
        "end": 8.208828522920204,
        "speaker": "SPEAKER_01",
        "text": ""
    },
    {
        "start": 8.480475382003396,
        "end": 12.062818336162989,
        "speaker": "SPEAKER_01",
        "text": "با"
    },
    {
        "start": 12.741935483870968,
        "end": 15.35653650254669,
        "speaker": "SPEAKER_01",
        "text": "كاا"
    },
    {
        "start": 16.578947368421055,
        "end": 16.731748726655347,
        "speaker": "SPEAKER_01",
        "text": ""
    },
    {
        "start": 16.731748726655347,
        "end": 22.741935483870968,
        "speaker": "SPEAKER_00",
        "text": "هافلتجارب الذلكريات تقدمت في المسلس"
    },
    {
        "start": 16.79966044142615,
        "end": 18.225806451612904,
        "speaker": "SPEAKER_01",
        "text": ""
    },
    {
        "start": 23.38709677419355,
        "end": 29.431239388794566,
        "speaker": "SPEAKER_00",
        "text": "مظما يستاذ سيد دخول بشك بىالحق بقى بيعنفره"
    },
    {
        "start": 29.584040747028865,
        "end": 40.38200339558574,
        "speaker": "SPEAKER_00",
        "text": "ال سب مقصد "
    },
    {
        "start": 30.246179966044146,
        "end": 30.297113752122243,
        "speaker": "SPEAKER_01",
        "text": ""
    },
    {
        "start": 30.31409168081494,
        "end": 31.298811544991516,
        "speaker": "SPEAKER_01",
        "text": "الل ا"
    },
    {
        "start": 31.349745331069613,
        "end": 35.0339558573854,
        "speaker": "SPEAKER_01",
        "text": ""
    },
    {
        "start": 35.797962648556876,
        "end": 35.93378607809847,
        "speaker": "SPEAKER_01",
        "text": ""
    },
    {
        "start": 36.578947368421055,
        "end": 38.4125636672326,
        "speaker": "SPEAKER_01",
        "text": ""
    },
    {
        "start": 41.12903225806452,
        "end": 46.68081494057725,
        "speaker": "SPEAKER_00",
        "text": "لاجومدده كان قصولمجالنحص ل الحته دي والدا لازم السهبقى كل مرهك الك"
    },
    {
        "start": 42.69100169779287,
        "end": 42.758913412563665,
        "speaker": "SPEAKER_01",
        "text": ""
    },
    {
        "start": 47.716468590831916,
        "end": 50.61969439728353,
        "speaker": "SPEAKER_00",
        "text": "سيد تعرضه لموقف دخ المساص القارد فيعلها متل"
    },
    {
        "start": 51.146010186757216,
        "end": 51.5874363327674,
        "speaker": "SPEAKER_00",
        "text": ""
    },
    {
        "start": 51.16298811544991,
        "end": 51.8421052631579,
        "speaker": "SPEAKER_01",
        "text": ""
    },
    {
        "start": 51.8421052631579,
        "end": 55.492359932088284,
        "speaker": "SPEAKER_00",
        "text": "الرمين غير كل واحد ارده بشكل مخ"
    },
    {
        "start": 56.05263157894737,
        "end": 71.723259762309,
        "speaker": "SPEAKER_01",
        "text": "انلل الحدث من دوا تقدشهو الراج بيخون ريانااي مسل القرضيه نقاش نهم جدا"
    },
    {
        "start": 63.47198641765705,
        "end": 65.84889643463498,
        "speaker": "SPEAKER_00",
        "text": "ا"
    },
    {
        "start": 65.91680814940577,
        "end": 65.95076400679116,
        "speaker": "SPEAKER_00",
        "text": ""
    },
    {
        "start": 66.10356536502547,
        "end": 68.12393887945672,
        "speaker": "SPEAKER_00",
        "text": ""
    },
    {
        "start": 72.48726655348048,
        "end": 74.9151103565365,
        "speaker": "SPEAKER_01",
        "text": "لوهو المساوا بين الرجلوالمرا"
    },
    {
        "start": 75.3565365025467,
        "end": 76.95246179966045,
        "speaker": "SPEAKER_01",
        "text": "وهج الرجول لما يخون"
    },
    {
        "start": 77.49575551782684,
        "end": 81.4176570458404,
        "speaker": "SPEAKER_01",
        "text": "لي يبقى من حقه دقل وهلا الرجل من حق يكون اساسا"
    },
    {
        "start": 78.95585738539899,
        "end": 79.38030560271648,
        "speaker": "SPEAKER_00",
        "text": ""
    }
]