[
    {
        "start": 0.008488964346349746,
        "end": 7.529711375212225,
        "speaker": "SPEAKER_01",
        "text": "كلهم يعني مبسوه لهترجعي بقى خلاص ولا اين شاء الله طبعا انا مبسوطه طبعا ن  قعت في مسلس"
    },
    {
        "start": 7.054329371816639,
        "end": 10.874363327674024,
        "speaker": "SPEAKER_00",
        "text": "نا لاز ماقول لك بتل يالكنت لازم ترج"
    },
    {
        "start": 11.587436332767403,
        "end": 23.302207130730054,
        "speaker": "SPEAKER_00",
        "text": "س حم الجملاسكثير جا يد "
    },
    {
        "start": 12.02886247877759,
        "end": 12.453310696095077,
        "speaker": "SPEAKER_01",
        "text": ""
    },
    {
        "start": 16.816638370118845,
        "end": 18.00509337860781,
        "speaker": "SPEAKER_01",
        "text": ""
    },
    {
        "start": 18.022071307300507,
        "end": 18.08998302207131,
        "speaker": "SPEAKER_01",
        "text": ""
    },
    {
        "start": 18.191850594227503,
        "end": 30.925297113752123,
        "speaker": "SPEAKER_01",
        "text": "مع المبو لماجيتراعني شع طلعت كثي  انا كنت قعدهفي بيتي مي منط ماما"
    },
    {
        "start": 31.33276740237691,
        "end": 38.4125636672326,
        "speaker": "SPEAKER_01",
        "text": "سعيده وفخوره جدا بان في عمل بجد عمل محترم عمل بخاطب كل القول"
    },
    {
        "start": 39.04074702886248,
        "end": 57.512733446519526,
        "speaker": "SPEAKER_01",
        "text": "من استحضرش به ابدا ابدا سعيد كل كرول عمل من الصغير لكبير من الاطفال كممثلين لحد نجومن الكبار سعيده ان انا كنت محطوطه في ايدي امينه بجد بجد وبيشتغلو  منتهى الحب واللي بينزل وحب بلاقيح"
    },
    {
        "start": 58.20882852292021,
        "end": 73.81154499151103,
        "speaker": "SPEAKER_01",
        "text": "في انا بشكر الجميها بجد و سعيده و ان شاء الله يا رب ان شاء الله يا رب تكون فتحه خير النش عشان انا ارجع فتحه خير لان بعد ما المسلسلنجحجواحده كله والله ما شاء الله"
    },
    {
        "start": 74.13412563667234,
        "end": 81.75721561969439,
        "speaker": "SPEAKER_01",
        "text": "يبقى فكره الناس لما يبقى ملا يبقى مسلسل بعد كدهنف يقدمو"
    },
    {
        "start": 78.78607809847199,
        "end": 80.02546689303904,
        "speaker": "SPEAKER_00",
        "text": ""
    },
    {
        "start": 82.58913412563666,
        "end": 99.09168081494059,
        "speaker": "SPEAKER_01",
        "text": "مشاهد  تعللى ثقافته مانيبقاش ممنرجعش  عايزين ننتز على القدام والمسلسل ده طلهع ن خطوات كثير قوي قويي قوي وانا بشكر ولا بجد جميعا وبشكرك طبعرجدر ده كان فرصه كبيره قوي بانسب"
    },
    {
        "start": 92.41935483870967,
        "end": 93.87945670628184,
        "speaker": "SPEAKER_00",
        "text": "ا بجب ميا"
    },
    {
        "start": 94.98302207130729,
        "end": 95.86587436332766,
        "speaker": "SPEAKER_00",
        "text": "و"
    },
    {
        "start": 99.66893039049236,
        "end": 101.9949066213922,
        "speaker": "SPEAKER_01",
        "text": "و "
    }
]